Actual_interval_down,Actual_interval_up,Confirm_interval_down,Confirm_interval_up,Dailynew_actual,Dailynew_confirm,Dailynew_cure,Dailynew_remove,Date,Predict_actual,Predict_confirm,Predict_cure,Remain_confirm,Remove,ADate,Official_confirmed,Official_cure,Official_dailynew,Official_remove
38715.0,39491.0,22637.0,23231.0,0.0,0.0,0.0,0.0,2020/02/10,39102.0,22934.0,1735.905708147609,20980.0,1954.0,2020-02-10,22934.0,1206.0,0.0,1954.0
38927.0,39705.0,30519.0,31206.0,214.43834351096302,7928.000292765548,438.32425673903526,489.24841484298713,2020/02/11,39316.43834351096,30862.000292765548,2174.2299648866438,28418.75187792256,2443.248414842987,2020-02-11,28742.0,1377.0,5808.0,2197.0
39379.0,40161.0,34732.0,35469.0,453.5432006409392,4238.160366796368,532.077600961939,592.7690628412843,2020/02/12,39769.9815441519,35100.160659561916,2706.307565848583,32064.143181877644,3036.0174776842714,2020-02-12,32981.0,1646.0,4239.0,2574.0
39956.0,40743.0,37151.0,37911.0,579.2625979836812,2430.037889678155,579.1553703349782,643.4917522669889,2020/02/13,40349.24414213558,37530.19854924007,3285.462936183561,33850.68931928881,3679.5092299512603,2020-02-13,35991.0,2016.0,3010.0,3032.0
40603.0,41396.0,38691.0,39467.0,649.3642026126618,1548.1557807287973,603.3617615416292,668.3866684350173,2020/02/14,40998.608344748245,39078.35432996887,3888.824697725191,34730.45843158259,4347.895898386278,2020-02-14,37914.0,2502.0,1923.0,3625.0
41292.0,42091.0,39807.0,40593.0,692.2834248372674,1122.2927896421825,616.4330634858637,680.7272998313565,2020/02/15,41690.89176958551,40200.64711961105,4505.257761211055,35172.02392139342,5028.623198217634,2020-02-15,39462.0,2915.0,1548.0,4148.0
42011.0,42817.0,40725.0,41519.0,722.018473295364,921.0403272275944,624.1564089051343,687.0465562240661,2020/02/16,42412.91024288088,41121.687446838645,5129.414170116189,35406.01769239694,5715.6697544417,2020-02-16,41152.0,3458.0,1690.0,4767.0
42751.0,43565.0,41551.0,42353.0,745.4624093821694,830.5179759149032,629.3862041019029,690.5601369245396,2020/02/17,43158.372652263046,41952.20542275355,5758.800374218092,35545.97553138731,6406.22989136624,2020-02-17,42752.0,4219.0,1600.0,5600.0
43514.0,44336.0,42342.0,43152.0,766.0117716277673,794.6851946905881,633.5311589063213,692.8512891629862,2020/02/18,43924.38442389081,42746.890617444136,6392.331533124413,35647.80943691491,7099.081180529226,2020-02-18,44412.0,4895.0,1660.0,6392.0
44296.0,45125.0,43124.0,43941.0,785.3425089740922,785.966634174496,637.2873581815112,694.6999384423316,2020/02/19,44709.726932864905,43532.85725161863,7029.618891305924,35739.076132647075,7793.781118971558,2020-02-19,45027.0,5448.0,615.0,7033.0
45097.0,45934.0,43912.0,44738.0,804.2839522087888,790.7958012438758,640.9996498811653,696.4907350829399,2020/02/20,45514.010885073694,44323.65305286251,7670.618541187088,35833.38119880801,8490.271854054497,2020-02-20,45346.0,6214.0,319.0,7898.0
45915.0,46760.0,44711.0,45543.0,823.2489033676175,802.5006098522281,644.8398007203767,698.4138689177016,2020/02/21,46337.25978844131,45126.153662714736,8315.458341907466,35937.467939742535,9188.685722972199,2020-02-21,45660.0,7206.0,314.0,8980.0
46755.0,47606.0,45525.0,46365.0,842.4452882024998,817.802077125496,648.894324131079,700.5638991337728,2020/02/22,47179.70507664381,45943.95573984023,8964.352666038545,36054.70611773426,9889.249622105972,2020-02-22,46201.0,8171.0,541.0,10027.0
47612.0,48472.0,46356.0,47202.0,861.980312622065,835.0912057521709,653.207778199232,702.9883927507362,2020/02/23,48041.68538926588,46779.0469455924,9617.560444237775,36186.80893073569,10592.238014856708,2020-02-23,46607.0,8946.0,406.0,10933.0
48490.0,49356.0,47205.0,48062.0,881.9117202688503,853.5809713324052,657.8041115958968,705.7118621716418,2020/02/24,48923.59710953473,47632.62791692481,10275.364555833674,36334.67803989646,11297.94987702835,2020-02-24,47071.0,10337.0,464.0,12380.0
48620.0,49488.0,47733.0,48596.0,129.58255564183492,530.9596526383539,2280.441596111756,2484.543667825119,2020/02/25,49053.17966517656,48163.58756956316,12555.80615194543,34381.094024709695,13782.493544853469,2020-02-25,47423.0,11793.0,352.0,13878.0
48738.0,49608.0,48104.0,48969.0,119.93047969113104,372.40684704933665,2161.6407046058084,2346.1428807436096,2020/02/26,49173.11014486769,48535.9944166125,14717.446856551238,32407.357991015422,16128.636425597078,2020-02-26,47824.0,13328.0,401.0,15432.0
48849.0,49719.02500000002,48376.0,49241.0,111.26639252817404,272.1206013909032,2042.9376030183505,2208.533840019898,2020/02/27,49284.37653739587,48808.1150180034,16760.38445956959,30470.944752386426,18337.170265616976,2020-02-27,48137.0,15826.0,313.0,17958.0
48954.0,49823.0,48582.0,49449.0,103.39415076962905,207.72637148359354,1927.1476482583894,2074.786480105635,2020/02/28,49387.770688165496,49015.841389486995,18687.532107827978,28603.884643764384,20411.95674572261,2020-02-28,48557.0,17552.0,420.0,19721.0
49049.0,49920.0,48747.0,49618.0,96.18097421024868,165.51036443928024,1815.8207371990686,1946.5655433502397,2020/02/29,49483.951662375744,49181.351753926276,20503.35284502705,26822.829464853425,22358.52228907285,2020-02-29,49122.0,19227.0,565.0,21422.0
49137.0,50011.0,48884.0,49754.0,89.53373944167106,137.0624798367062,1709.7415600971435,1824.68903804008,2020/03/01,49573.485401817416,49318.41423376298,22213.09440512419,25135.20290665005,24183.21132711293,2020-03-01,49315.0,21185.0,193.0,23412.0
49222.0,50095.0,49000.0,49872.0,83.38440573130356,117.22072077350458,1609.2357448552902,1709.4693127901955,2020/03/02,49656.86980754872,49435.63495453649,23822.330149979483,23542.95431463336,25892.680639903127,2020-03-02,49426.0,23031.0,111.0,25282.0
49298.0,50172.0,49102.0,49974.0,77.6810379481758,102.81264093973732,1514.3569763557098,1600.9210680803953,2020/03/03,49734.550845496895,49538.447595476224,25336.68712633519,22044.845887492702,27493.601707983522,2020-03-03,49540.0,24890.0,114.0,27172.0
49370.0,50245.0,49195.0,50068.0,72.38225949369371,91.88472424684005,1425.0011667153485,1498.887959966556,2020/03/04,49806.93310499059,49630.332319723064,26761.688293050538,20637.842651772986,28992.489667950078,2020-03-04,49671.0,26316.0,131.0,28621.0
49438.0,50312.0,49278.0,50151.0,67.45380872782698,83.23051479698188,1340.9759215997144,1403.119407485021,2020/03/05,49874.386913718416,49713.562834520046,28102.664214650253,19317.953759084947,30395.6090754351,2020-03-05,49797.0,27354.0,126.0,29682.0
49500.0,50376.0,49353.0,50228.0,62.866386322450126,76.10164157396503,1262.0426270751125,1313.3169597057786,2020/03/06,49937.253300040866,49789.66447609401,29364.706841725365,18080.738440953133,31708.926035140878,2020-03-06,49871.0,28511.0,74.0,30860.0
49558.0,50434.0,49422.0,50298.0,58.59429630995146,70.03087131815846,1187.9417695460145,1229.162059316408,2020/03/07,49995.84759635082,49859.69534741217,30552.648611271383,16921.607252954884,32938.088094457285,2020-03-07,49912.0,29770.0,41.0,32140.0
49573.0,50450.0,49487.0,50363.0,15.490734766346577,64.72370569396298,1118.408010038329,1150.3324632137446,2020/03/08,50011.338331117164,49924.41905310613,31671.056621309708,15835.998495435102,34088.42055767103,2020-03-08,49948.0,30933.0,36.0,33321.0
49573.0,50450.0,49501.0,50377.0,0.0,13.794271695594944,1053.1789981445509,1076.5117496481034,2020/03/09,50011.338331117164,49938.21332480173,32724.235619454263,14773.281017482594,35164.93230731913,2020-03-09,49965.0,31829.0,17.0,34233.0
49573.0,50451.0,49514.0,50389.0,0.0,12.810420532812714,992.0003747797164,1007.3946289239611,2020/03/10,50011.338331117164,49951.02374533454,33716.23599423397,13778.696809091445,36172.326936243095,2020-03-10,49978.0,33041.0,13.0,35464.0
49572.0,50450.0,49525.0,50402.0,0.0,11.911889567694743,934.6284615813713,942.6897162104142,2020/03/11,50011.338331117164,49962.935634902235,34650.864455815354,12847.918982448726,37115.01665245351,2020-03-11,49986.0,34094.0,8.0,36524.0
49574.0,50450.0,49536.0,50414.0,0.0,11.08569320217066,880.8315549527542,882.1207808872059,2020/03/12,50011.338331117164,49974.021328104405,35531.6960107681,11976.88389476369,37997.137433340715,2020-03-12,49991.0,35197.0,5.0,37633.0
49573.0,50450.0,49547.0,50422.0,0.0,10.322517020831583,830.3903859402852,825.4270912052671,2020/03/13,50011.338331117164,49984.34384512524,36362.08639670839,11161.779320579255,38822.56452454598,2020-03-13,49995.0,36451.0,4.0,38897.0
49573.0,50450.0,49556.0,50431.0,0.0,9.615386953184498,783.0980889558123,772.3632315235664,2020/03/14,50011.338331117164,49993.95923207842,37145.1844856642,10399.031476008873,39594.92775606955,2020-03-14,49999.0,37632.0,4.0,40088.0
49575.0,50450.0,49565.0,50443.0,0.0,8.958847921581764,738.7598886078778,722.6986215985744,2020/03/15,50011.338331117164,50002.91808,37883.94437427208,9685.29170233188,40317.62637766812,2020-03-15,50003.0,38384.0,4.0,40853.0
49575.0,50450.0,49566.0,50443.0,0.0,1.0819199999968987,1361.7882876866204,1382.3736223318774,2020/03/16,50011.338331117164,50004.0,39245.732661958704,8304.0,41700.0,2020-03-16,50004.0,39220.0,1.0,41700.0
49573.0,50451.0,49570.0,50446.0,0.0,2.845402466962696,598.9885830178972,568.7465086113662,2020/03/17,50011.338331117164,50006.84540246696,39844.721244976594,7738.0988938555965,42268.746508611366,,,,,
49573.0,50450.0,49570.0,50448.0,0.0,1.7421113911186694,571.5451619072046,537.8639328414865,2020/03/18,50011.338331117164,50008.58751385808,40416.2664068838,7201.977072405229,42806.61044145285,,,,,
49575.0,50450.0,49572.0,50449.0,0.0,1.0666160756663885,543.1181883871614,506.0889758213234,2020/03/19,50011.338331117164,50009.65412993375,40959.38459527096,6696.954712659572,43312.699417274176,,,,,
49573.0,50449.0,49573.0,50449.0,0.0,0.6530408369508223,514.8568899840175,474.6406405044836,2020/03/20,50011.338331117164,50010.3071707707,41474.24148525498,6222.967112992039,43787.34005777866,,,,,
49573.0,50450.0,49572.0,50449.0,0.0,0.39982741590210935,487.41508530377916,444.2060374754801,2020/03/21,50011.338331117164,50010.7069981866,41961.656570558756,5779.160902932461,44231.54609525414,,,,,
49573.0,50450.0,49572.0,50450.0,0.0,0.24479627059190534,461.1461572966655,415.15064195602463,2020/03/22,50011.338331117164,50010.95179445719,42422.80272785542,5364.255057247028,44646.696737210164,,,,,
49573.0,50450.0,49573.0,50450.0,0.0,0.14987770310835913,436.2223984749799,387.64675305537094,2020/03/23,50011.338331117164,50011.1016721603,42859.0251263304,4976.758181894766,45034.343490265535,,,,,
49574.0,50451.0,49573.0,50450.0,0.0,0.09176334769290406,412.7079897714939,361.75188835320296,2020/03/24,50011.338331117164,50011.193435507994,43271.733116101896,4615.0980568892555,45396.09537861874,,,,,
49574.0,50450.0,49573.0,50449.0,0.0,0.056182555155828595,390.60356022817,337.4565447461646,2020/03/25,50011.338331117164,50011.24961806315,43662.33667633007,4277.697694698247,45733.5519233649,,,,,
49573.0,50450.0,49573.0,50450.0,0.0,0.03439804241497768,369.8733312291442,314.7132194191727,2020/03/26,50011.338331117164,50011.284016105565,44032.21000755921,3963.018873321489,46048.265142784076,,,,,
49573.0,50450.0,49573.0,50450.0,0.0,0.021060367464087903,350.4615927692576,293.45397222971224,2020/03/27,50011.338331117164,50011.30507647303,44382.67160032847,3669.585961459241,46341.71911501379,,,,,
49573.0,50450.0,49573.0,50449.0,0.0,0.01289431270561181,332.30264883068594,273.6009864526932,2020/03/28,50011.338331117164,50011.317970785734,44714.97424915915,3395.9978693192534,46615.32010146648,,,,,
49573.0,50451.0,49574.0,50451.0,0.0,0.007894605943874922,315.32676828154945,255.07285583086923,2020/03/29,50011.338331117164,50011.32586539168,45030.3010174407,3140.932908094328,46870.39295729735,,,,,
49573.0,50451.0,49572.0,50450.0,0.0,0.004833510931348428,299.46369589875394,237.7882670843028,2020/03/30,50011.338331117164,50011.33069890261,45329.764713339464,2903.1494745209566,47108.18122438165,,,,,
49574.0,50450.0,49574.0,50450.0,0.0,0.002959340621600859,284.6446763466665,221.66809913273028,2020/03/31,50011.338331117164,50011.33365824323,45614.40938968612,2681.484334728848,47329.84932351438,,,,,
49575.0,50450.0,49574.0,50450.0,0.0,0.0018118707230314612,270.8035747876711,206.63656349330267,2020/04/01,50011.338331117164,50011.335470113954,45885.21296447379,2474.8495831062683,47536.485887007686,,,,,
49574.0,50449.0,49575.0,50449.0,0.0,0.0011093262073700316,257.87745147156966,192.6217674419604,2020/04/02,50011.338331117164,50011.33657944016,46143.090415945364,2282.228924990515,47729.107654449646,,,,,
49572.0,50451.0,49574.0,50450.0,0.0,0.0006791918422095478,245.80680894920812,179.55593293727725,2020/04/03,50011.338331117164,50011.337258632004,46388.89722489457,2102.67367124508,47908.66358738692,,,,,
49574.0,50450.0,49573.0,50450.0,0.0,0.000415838228946086,234.53564547438145,167.37541331174725,2020/04/04,50011.338331117164,50011.33767447023,46623.432870368946,1935.2986737715619,48076.03900069867,,,,,
49574.0,50450.0,49573.0,50450.0,0.0,0.00025459851894993335,224.01139605818022,156.02059411392838,2020/04/05,50011.338331117164,50011.33792906875,46847.44426642714,1779.2783342561524,48232.0595948126,,,,,
49573.0,50450.0,49573.0,50450.0,0.0,0.00015587925736326724,214.18481069564587,145.4357304415098,2020/04/06,50011.338331117164,50011.33808494801,47061.62907712279,1633.8427596939,48377.49532525411,,,,,
49573.0,50450.02500000002,49573.0,50450.0,0.0,9.543765190755948e-05,205.00979972806093,135.56875230527658,2020/04/07,50011.338331117164,50011.33818038566,47266.63887685084,1498.2741028262753,48513.064077559386,,,,,
49573.0,50450.0,49573.0,50450.0,0.0,5.843208055011928e-05,196.443264346708,126.37105687076837,2020/04/08,50011.338331117164,50011.33823881774,47463.08214119755,1371.9031043875875,48639.435134430154,,,,,
49575.0,50450.0,49573.0,50450.0,0.0,3.577568713808432e-05,188.44492292583163,117.79729867570859,2020/04/09,50011.338331117164,50011.33827459343,47651.52706412338,1254.105841487566,48757.23243310586,,,,,
49573.0,50450.0,49574.0,50452.0,0.0,2.1902655134908855e-05,180.977139413284,109.80518421062152,2020/04/10,50011.338331117164,50011.338296496084,47832.50420353666,1144.3006791795997,48867.037617316484,,,,,
49573.0,50450.0,49574.0,50450.0,0.0,1.3410215615294874e-05,174.00475729341994,102.35527439508587,2020/04/11,50011.338331117164,50011.3383099063,48006.50896083008,1041.9454181947294,48969.39289171157,,,,,
49573.0,50450.0,49572.0,50451.0,0.0,8.211129170376807e-06,167.49494098772266,95.41079675145738,2020/04/12,50011.338331117164,50011.33831811743,48174.003901817814,946.5346296544012,49064.80368846303,,,,,
49575.0,50450.0,49574.0,50451.0,0.0,5.027235602028668e-06,161.4170255827412,88.93746806267882,2020/04/13,50011.338331117164,50011.338323144664,48335.42092740055,857.597166618958,49153.741156525706,,,,,
49573.0,50449.0,49573.0,50451.0,0.0,3.0779920052736998e-06,155.74237517079746,82.90332767520886,2020/04/14,50011.338331117164,50011.338326222656,48491.163302571345,774.6938420217411,49236.644484200915,,,,,
49574.0,50449.0,49573.0,50450.0,0.0,1.8845530576072633e-06,150.44424974159486,77.27858125441708,2020/04/15,50011.338331117164,50011.33832810721,48641.60755231294,697.4152626518771,49313.92306545533,,,,,
49573.0,50450.0,49574.0,50450.0,0.0,1.15375587483868e-06,145.49768039595077,72.03545463276532,2020/04/16,50011.338331117164,50011.338329260965,48787.105232708884,625.3798091728677,49385.9585200881,,,,,
49573.0,50450.0,49574.0,50451.0,0.0,7.063936209306121e-07,140.87935250045848,67.14805724354665,2020/04/17,50011.338331117164,50011.33832996736,48927.98458520934,558.2317526357147,49453.106577331644,,,,,
49574.0,50450.0,49574.0,50450.0,0.0,4.3247564462944865e-07,136.5674962799094,62.592254514245724,2020/04/18,50011.338331117164,50011.338330399834,49064.55208148926,495.6394985539446,49515.69883184589,,,,,
49574.0,50450.0,49574.0,50451.0,0.0,2.6477209758013487e-07,132.5417850186932,58.345549284727895,2020/04/19,50011.338331117164,50011.33833066461,49197.09386650795,437.2939495339888,49574.04438113062,,,,,
49573.0,50450.0,49573.0,50450.0,0.0,1.6210105968639255e-07,128.7832393725912,54.386970631538134,2020/04/20,50011.338331117164,50011.33833082671,49325.877105880536,382.9069790645517,49628.431351762156,,,,,
49574.0,50450.0,49575.0,50451.0,0.0,9.925133781507611e-08,125.27413769632405,50.6969699147885,2020/04/21,50011.338331117164,50011.33833092596,49451.15124357687,332.21000924901455,49679.128321676944,,,,,
49574.0,50449.0,49573.0,50450.0,0.0,6.068876245990396e-08,121.99793349653922,47.25732507239445,2020/04/22,50011.338331117164,50011.33833098665,49573.14917707341,284.95268423730886,49726.38564674934,,,,,
49574.0,50449.0,49573.0,50450.0,0.0,3.738387022167444e-08,118.93917729696841,44.05105034504959,2020/04/23,50011.338331117164,50011.33833102403,49692.08835437038,240.90163392964314,49770.43669709439,,,,,
49574.0,50450.0,49572.0,50450.0,0.0,2.3304892238229513e-08,116.0834435939978,41.06231204461801,2020/04/24,50011.338331117164,50011.33833104734,49808.171797964365,199.83932190833002,49811.49900913901,,,,,
49572.0,50449.0,49573.0,50450.0,0.0,1.3671524357050657e-08,41.60356239600515,38.27635122137144,2020/04/25,50011.338331117164,50011.33833106101,49849.77536036038,161.5629707006301,49849.77536036038,,,,,
49574.0,50450.0,49574.0,50450.0,0.0,7.195922080427408e-09,35.67940977772378,35.6794097777165,2020/04/26,50011.338331117164,50011.338331068204,49885.454770138094,125.88356093010952,49885.454770138094,,,,,
49574.0,50449.0,49573.0,50450.0,0.0,4.547473508864641e-09,33.258663441760284,33.25866344176757,2020/04/27,50011.338331117164,50011.33833107275,49918.71343357986,92.62489749288943,49918.71343357986,,,,,
49574.0,50450.0,49575.0,50451.0,0.0,4.423782229423523e-09,31.002157875205736,31.00215787520574,2020/04/28,50011.338331117164,50011.338331077175,49949.71559145507,61.622739622107474,49949.71559145507,,,,,
49574.0,50450.0,49575.0,50450.02500000002,0.0,2.6557245291769505e-09,28.898749701562338,28.898749701562338,2020/04/29,50011.338331117164,50011.33833107983,49978.61434115663,32.72398992320086,49978.61434115663,,,,,
49574.0,50450.0,49573.0,50451.0,0.0,1.4551915228366852e-10,26.938050144970475,26.938050144970475,2020/04/30,50011.338331117164,50011.338331079976,50005.5523913016,5.785939778375905,50005.5523913016,,,,,
49574.0,50449.0,49574.0,50451.0,0.0,-4.2928149923682213e-10,25.110381039216012,5.7859397779466235,2020/05/01,50011.338331117164,50011.33833107955,50030.662772340824,0.0,50011.33833107955,,,,,
49575.0,50450.0,49574.0,50450.0,0.0,2.6411726139485836e-09,23.40671657337953,2.6411726139485836e-09,2020/05/02,50011.338331117164,50011.33833108219,50054.069488914196,0.0,50011.33833108219,,,,,
49574.0,50450.0,49574.0,50450.0,0.0,3.521563485264778e-09,21.818636581847386,3.521563485264778e-09,2020/05/03,50011.338331117164,50011.33833108571,50075.888125496036,0.0,50011.33833108571,,,,,
49573.0,50450.0,49574.0,50450.0,0.0,1.1641532182693481e-09,20.338303114527665,1.1641532182693481e-09,2020/05/04,50011.338331117164,50011.338331086874,50096.226428610564,0.0,50011.338331086874,,,,,
49573.0,50452.0,49574.0,50450.0,0.0,-5.2241375669837e-09,18.958406918718534,-5.2241375669837e-09,2020/05/05,50011.338331117164,50011.33833108165,50115.18483552929,0.0,50011.33833108165,,,,,
49573.0,50451.0,49574.0,50450.0,0.0,-4.7584762796759605e-09,17.67213317257847,-4.7584762796759605e-09,2020/05/06,50011.338331117164,50011.33833107689,50132.85696870187,0.0,50011.33833107689,,,,,
49573.0,50450.0,49573.0,50450.0,0.0,4.067260306328535e-09,16.473129027966937,4.067260306328535e-09,2020/05/07,50011.338331117164,50011.33833108096,50149.33009772984,0.0,50011.33833108096,,,,,
49574.0,50451.0,49573.0,50450.0,0.0,8.003553375601768e-09,15.355474126212355,8.003553375601768e-09,2020/05/08,50011.338331117164,50011.33833108896,50164.685571856055,0.0,50011.33833108896,,,,,
49574.0,50451.0,49573.0,50450.0,0.0,2.8812792152166367e-09,14.313649007708593,2.8812792152166367e-09,2020/05/09,50011.338331117164,50011.33833109184,50178.99922086376,0.0,50011.33833109184,,,,,
49573.0,50450.0,49574.0,50451.0,0.0,-1.359148882329464e-08,13.342508997076948,-1.359148882329464e-08,2020/05/10,50011.338331117164,50011.33833107825,50192.34172986083,0.0,50011.33833107825,,,,,
49574.0,50450.0,49574.0,50450.0,0.0,-1.0753865353763103e-08,12.437257619065347,-1.0753865353763103e-08,2020/05/11,50011.338331117164,50011.3383310675,50204.778987479905,0.0,50011.3383310675,,,,,
49574.0,50450.0,49573.0,50450.0,0.0,1.0550138540565968e-08,11.59342516677134,1.0550138540565968e-08,2020/05/12,50011.338331117164,50011.33833107805,50216.37241264667,0.0,50011.33833107805,,,,,
49574.0,50450.0,49574.0,50449.0,0.0,1.7324055079370737e-08,10.806843994658266,1.7324055079370737e-08,2020/05/13,50011.338331117164,50011.33833109537,50227.17925664133,0.0,50011.33833109537,,,,,
49573.0,50450.0,49574.0,50449.0,0.0,-9.189534466713667e-09,10.073630597544252,-9.189534466713667e-09,2020/05/14,50011.338331117164,50011.33833108618,50237.252887238865,0.0,50011.33833108618,,,,,
49573.0,50450.0,49573.0,50450.0,0.0,1.5788828022778034e-09,9.390163364929322,1.5788828022778034e-09,2020/05/15,50011.338331117164,50011.33833108776,50246.6430506038,0.0,50011.33833108776,,,,,
49574.0,50450.0,49573.0,50451.0,0.0,-3.856257535517216e-09,8.753067389552598,-3.856257535517216e-09,2020/05/16,50011.338331117164,50011.338331083905,50255.39611799336,0.0,50011.338331083905,,,,,
49573.0,50450.0,49574.0,50451.0,0.0,5.529727786779404e-10,8.159196859123767,5.529727786779404e-10,2020/05/17,50011.338331117164,50011.33833108446,50263.55531485248,0.0,50011.33833108446,,,,,
49573.0,50451.0,49573.0,50450.0,0.0,-1.2369127944111824e-09,7.605618360146764,-1.2369127944111824e-09,2020/05/18,50011.338331117164,50011.33833108322,50271.16093321264,0.0,50011.33833108322,,,,,
49574.0,50449.0,49573.0,50450.0,0.0,1.2369127944111824e-10,7.089599066457595,1.2369127944111824e-10,2020/05/19,50011.338331117164,50011.338331083345,50278.25053227908,0.0,50011.338331083345,,,,,
49575.0,50450.0,49574.0,50450.0,0.0,-4.3655745685100555e-10,6.608589637813567,-4.3655745685100555e-10,2020/05/20,50011.338331117164,50011.33833108291,50284.859121916896,0.0,50011.33833108291,,,,,
49573.0,50450.0,49573.0,50450.0,0.0,-7.275957614183426e-12,6.160215529314883,-7.275957614183426e-12,2020/05/21,50011.338331117164,50011.3383310829,50291.01933744621,0.0,50011.3383310829,,,,,
49574.0,50450.0,49574.0,50450.0,0.0,-1.6007106751203537e-10,5.742262467414548,-1.6007106751203537e-10,2020/05/22,50011.338331117164,50011.33833108274,50296.761599913625,0.0,50011.33833108274,,,,,
49573.0,50450.0,49573.0,50450.0,0.0,0.0,5.352666242892155,0.0,2020/05/23,50011.338331117164,50011.33833108274,50302.114266156525,0.0,50011.33833108274,,,,,
49573.0,50450.0,49574.0,50450.0,0.0,-5.820766091346741e-11,4.989503091288498,-5.820766091346741e-11,2020/05/24,50011.338331117164,50011.33833108268,50307.10376924781,0.0,50011.33833108268,,,,,
49573.0,50450.0,49573.0,50450.0,0.0,-7.275957614183426e-12,4.6509795167148695,-7.275957614183426e-12,2020/05/25,50011.338331117164,50011.338331082676,50311.75474876452,0.0,50011.338331082676,,,,,
49574.0,50450.0,49573.0,50450.0,0.0,-4.3655745685100555e-11,4.33542379346909,-4.3655745685100555e-11,2020/05/26,50011.338331117164,50011.33833108263,50316.09017255799,0.0,50011.33833108263,,,,,
49573.0,50449.0,49573.0,50450.0,0.0,-3.637978807091713e-11,4.041277640819317,-3.637978807091713e-11,2020/05/27,50011.338331117164,50011.338331082596,50320.13145019881,0.0,50011.338331082596,,,,,
49572.0,50451.0,49573.0,50450.0,0.0,-5.093170329928398e-11,3.767088455453632,-5.093170329928398e-11,2020/05/28,50011.338331117164,50011.338331082545,50323.898538654255,0.0,50011.338331082545,,,,,
49574.0,50450.0,49574.0,50451.0,0.0,1.673470251262188e-10,3.5115022309037163,1.673470251262188e-10,2020/05/29,50011.338331117164,50011.33833108271,50327.41004088517,0.0,50011.33833108271,,,,,
49574.0,50449.02500000002,49574.0,50451.0,0.0,1.8917489796876907e-10,3.2732568059655023,1.8917489796876907e-10,2020/05/30,50011.338331117164,50011.3383310829,50330.68329769113,0.0,50011.3383310829,,,,,
49574.0,50450.0,49574.0,50451.0,0.0,-2.1827872842550278e-11,3.051175647357013,-2.1827872842550278e-11,2020/05/31,50011.338331117164,50011.33833108288,50333.73447333849,0.0,50011.33833108288,,,,,
49574.0,50450.0,49574.0,50449.0,0.0,-2.3283064365386963e-10,2.8441620728262933,-2.3283064365386963e-10,2020/06/01,50011.338331117164,50011.33833108265,50336.578635411315,0.0,50011.33833108265,,,,,
49574.0,50451.0,49574.0,50450.0,0.0,2.1827872842550278e-11,2.6511937711911737,2.1827872842550278e-11,2020/06/02,50011.338331117164,50011.33833108267,50339.22982918251,0.0,50011.33833108267,,,,,
49573.0,50451.0,49574.0,50450.0,0.0,2.0372681319713593e-10,2.4713177059966256,2.0372681319713593e-10,2020/06/03,50011.338331117164,50011.33833108287,50341.701146888496,0.0,50011.33833108287,,,,,
49573.0,50450.0,49574.0,50450.0,0.0,-4.3655745685100555e-11,2.3036458101923927,-4.3655745685100555e-11,2020/06/04,50011.338331117164,50011.33833108283,50344.00479269869,0.0,50011.33833108283,,,,,
49572.0,50450.0,49573.0,50448.0,0.0,-4.0745362639427185e-10,2.1473504014575155,-4.0745362639427185e-10,2020/06/05,50011.338331117164,50011.33833108242,50346.152143100146,0.0,50011.33833108242,,,,,
49574.0,50450.0,49574.0,50451.0,0.0,-2.1827872842550278e-10,2.0016586674246355,-2.1827872842550278e-10,2020/06/06,50011.338331117164,50011.3383310822,50348.15380176758,0.0,50011.3383310822,,,,,
49572.0,50451.0,49574.0,50451.0,0.0,5.384208634495735e-10,1.865851772927272,5.384208634495735e-10,2020/06/07,50011.338331117164,50011.33833108274,50350.019653540505,0.0,50011.33833108274,,,,,
49573.0,50449.0,49574.0,50450.0,0.0,6.475602276623249e-10,1.7392589949522517,6.475602276623249e-10,2020/06/08,50011.338331117164,50011.33833108339,50351.75891253546,0.0,50011.33833108339,,,,,
49572.975000000006,50450.0,49574.0,50451.0,0.0,0.0,1.6212552338693058,0.0,2020/06/09,50011.338331117164,50011.33833108339,50353.380167769334,0.0,50011.33833108339,,,,,
49575.0,50451.0,49574.0,50450.0,0.0,-1.2587406672537327e-09,1.511257667785685,-1.2587406672537327e-09,2020/06/10,50011.338331117164,50011.33833108213,50354.89142543711,0.0,50011.33833108213,,,,,
49574.0,50449.0,49574.0,50451.0,0.0,-7.275957614183426e-10,1.4087231391822568,-7.275957614183426e-10,2020/06/11,50011.338331117164,50011.3383310814,50356.30014857629,0.0,50011.3383310814,,,,,
49573.0,50450.0,49573.0,50450.0,0.0,1.2005330063402653e-09,1.3131452914312831,1.2005330063402653e-09,2020/06/12,50011.338331117164,50011.3383310826,50357.613293867726,0.0,50011.3383310826,,,,,
49574.0,50450.0,49573.0,50450.0,0.0,1.673470251262188e-09,1.2240521352141511,1.673470251262188e-09,2020/06/13,50011.338331117164,50011.33833108428,50358.83734600294,0.0,50011.33833108428,,,,,
49573.0,50449.0,49573.0,50451.0,0.0,1.1641532182693481e-10,1.1410037011883103,1.1641532182693481e-10,2020/06/14,50011.338331117164,50011.33833108439,50359.97834970413,0.0,50011.33833108439,,,,,
49573.0,50449.0,49574.0,50450.0,0.0,-3.281456883996725e-09,1.063589832992875,-3.281456883996725e-09,2020/06/15,50011.338331117164,50011.33833108111,50361.04193953712,0.0,50011.33833108111,,,,,
49574.0,50450.0,49574.0,50450.0,0.0,-1.775333657860756e-09,0.9914282728204852,-1.775333657860756e-09,2020/06/16,50011.338331117164,50011.338331079336,50362.03336780994,0.0,50011.338331079336,,,,,
49575.0,50450.0,49574.0,50450.0,0.0,3.7325662560760975e-09,0.9241627135852468,3.7325662560760975e-09,2020/06/17,50011.338331117164,50011.33833108307,50362.957530523534,0.0,50011.33833108307,,,,,
49574.0,50450.0,49574.0,50451.0,0.0,6.177288014441729e-09,0.8614608776842942,6.177288014441729e-09,2020/06/18,50011.338331117164,50011.338331089246,50363.81899140121,0.0,50011.338331089246,,,,,
49574.0,50450.0,49574.0,50450.0,0.0,2.61206878349185e-09,0.8030132174171741,2.61206878349185e-09,2020/06/19,50011.338331117164,50011.33833109186,50364.622004618635,0.0,50011.33833109186,,,,,
49573.0,50450.0,49574.0,50450.0,0.0,-1.2099917512387037e-08,0.748531059754896,-1.2099917512387037e-08,2020/06/20,50011.338331117164,50011.33833107976,50365.370535678376,0.0,50011.33833107976,,,,,
49574.0,50450.0,49574.0,50450.0,0.0,-1.9739673007279634e-08,0.6977453418439836,-1.9739673007279634e-08,2020/06/21,50011.338331117164,50011.33833106002,50366.068281020234,0.0,50011.33833106002,,,,,
49573.0,50451.0,49573.0,50451.0,0.0,3.2159732654690742e-09,0.6504053239841596,3.2159732654690742e-09,2020/06/22,50011.338331117164,50011.338331063234,50366.71868634421,0.0,50011.338331063234,,,,,
49574.0,50449.0,49574.0,50450.0,0.0,1.1968950275331736e-08,0.6062771582437563,1.1968950275331736e-08,2020/06/23,50011.338331117164,50011.3383310752,50367.32496350245,0.0,50011.3383310752,,,,,
49573.0,50450.0,49574.0,50450.0,0.0,-1.384614733979106e-08,0.5651429817298776,-1.384614733979106e-08,2020/06/24,50011.338331117164,50011.33833106136,50367.89010648418,0.0,50011.33833106136,,,,,
49572.0,50450.0,49574.0,50450.0,0.0,-1.2150849215686321e-09,0.5267996398979449,-1.2150849215686321e-09,2020/06/25,50011.338331117164,50011.33833106014,50368.41690612408,0.0,50011.33833106014,,,,,
49574.0,50449.0,49574.0,50450.0,0.0,1.0630174074321985e-08,0.4910577659393312,1.0630174074321985e-08,2020/06/26,50011.338331117164,50011.33833107077,50368.90796389002,0.0,50011.33833107077,,,,,
49574.0,50450.0,49573.0,50450.0,0.0,4.2273313738405704e-09,0.4577408500554157,4.2273313738405704e-09,2020/06/27,50011.338331117164,50011.338331075,50369.36570474008,0.0,50011.338331075,,,,,
49574.0,50450.0,49574.0,50450.0,0.0,2.975866664201021e-09,0.4266844644589583,2.975866664201021e-09,2020/06/28,50011.338331117164,50011.338331077975,50369.792389204544,0.0,50011.338331077975,,,,,
49574.0,50451.0,49574.0,50450.0,0.0,4.69299266114831e-09,0.39773512989631854,4.69299266114831e-09,2020/06/29,50011.338331117164,50011.33833108267,50370.19012433443,0.0,50011.33833108267,,,,,
49573.0,50451.0,49574.0,50451.0,0.0,-2.9831426218152046e-10,0.370749954454368,-2.9831426218152046e-10,2020/06/30,50011.338331117164,50011.33833108237,50370.56087428889,0.0,50011.33833108237,,,,,
49573.0,50450.0,49574.0,50451.0,0.0,-7.275957614183426e-12,0.3455956174002495,-7.275957614183426e-12,2020/07/01,50011.338331117164,50011.33833108236,50370.90646990629,0.0,50011.33833108236,,,,,
49573.0,50449.0,49572.0,50450.0,0.0,-3.346940502524376e-10,0.3221479480853304,-3.346940502524376e-10,2020/07/02,50011.338331117164,50011.33833108203,50371.228617854365,0.0,50011.33833108203,,,,,
49574.0,50450.0,49574.0,50450.0,0.0,4.001776687800884e-10,0.3002911221192335,4.001776687800884e-10,2020/07/03,50011.338331117164,50011.33833108243,50371.528908976485,0.0,50011.33833108243,,,,,
49574.0,50451.0,49574.0,50449.0,0.0,3.055902197957039e-10,0.2799172295926837,3.055902197957039e-10,2020/07/04,50011.338331117164,50011.338331082734,50371.808826206085,0.0,50011.338331082734,,,,,
49573.0,50451.0,49573.0,50450.0,0.0,-2.1827872842550278e-11,0.2609256434298004,-2.1827872842550278e-11,2020/07/05,50011.338331117164,50011.33833108271,50372.06975184952,0.0,50011.33833108271,,,,,
49574.0,50451.0,49573.0,50451.0,0.0,-7.275957614183426e-12,0.2432225813463447,-7.275957614183426e-12,2020/07/06,50011.338331117164,50011.338331082705,50372.31297443086,0.0,50011.338331082705,,,,,
49574.0,50452.0,49573.0,50449.0,0.0,-2.9103830456733704e-11,0.2267206213437021,-2.9103830456733704e-11,2020/07/07,50011.338331117164,50011.338331082676,50372.539695052204,0.0,50011.338331082676,,,,,
49574.0,50451.0,49573.0,50450.0,0.0,-7.275957614183426e-12,0.2113382734460174,-7.275957614183426e-12,2020/07/08,50011.338331117164,50011.33833108267,50372.75103332566,0.0,50011.33833108267,,,,,
49573.0,50451.0,49574.0,50450.0,0.0,-1.4551915228366852e-11,0.1969995732360985,-1.4551915228366852e-11,2020/07/09,50011.338331117164,50011.338331082654,50372.94803289889,0.0,50011.338331082654,,,,,
49573.0,50450.0,49574.0,50451.0,0.0,0.0,0.18363371308805654,0.0,2020/07/10,50011.338331117164,50011.338331082654,50373.131666611975,0.0,50011.338331082654,,,,,
49573.0,50450.0,49573.0,50450.0,0.0,-3.637978807091713e-11,0.17117468785727394,-3.637978807091713e-11,2020/07/11,50011.338331117164,50011.33833108262,50373.30284129983,0.0,50011.33833108262,,,,,
49574.0,50450.0,49574.0,50450.0,0.0,1.4551915228366852e-11,0.1595609722789959,1.4551915228366852e-11,2020/07/12,50011.338331117164,50011.33833108263,50373.46240227211,0.0,50011.33833108263,,,,,
49574.0,50450.0,49574.0,50450.0,0.0,8.003553375601768e-11,0.1487352144686156,8.003553375601768e-11,2020/07/13,50011.338331117164,50011.33833108271,50373.61113748658,0.0,50011.33833108271,,,,,
49573.0,50449.0,49574.0,50450.0,0.0,3.128661774098873e-10,0.13864395392738516,3.128661774098873e-10,2020/07/14,50011.338331117164,50011.338331083025,50373.74978144051,0.0,50011.338331083025,,,,,
49573.0,50451.0,49574.0,50450.0,0.0,2.9103830456733704e-10,0.12923735626827693,2.9103830456733704e-10,2020/07/15,50011.338331117164,50011.338331083316,50373.879018796775,0.0,50011.338331083316,,,,,
49572.0,50450.0,49574.0,50451.0,0.0,1.2369127944111824e-10,0.1204689696605783,1.2369127944111824e-10,2020/07/16,50011.338331117164,50011.33833108344,50373.999487766436,0.0,50011.33833108344,,,,,
49574.0,50451.0,49574.0,50450.0,0.0,-2.1100277081131935e-10,0.11229549318522912,-2.1100277081131935e-10,2020/07/17,50011.338331117164,50011.33833108323,50374.11178325962,0.0,50011.33833108323,,,,,
49574.0,50449.0,49573.0,50450.0,0.0,-2.9103830456733704e-10,0.1046765635619522,-2.9103830456733704e-10,2020/07/18,50011.338331117164,50011.33833108294,50374.21645982318,0.0,50011.33833108294,,,,,
49573.0,50450.0,49573.0,50450.0,0.0,2.1827872842550278e-11,0.09757454768987373,2.1827872842550278e-11,2020/07/19,50011.338331117164,50011.33833108296,50374.314034370866,0.0,50011.33833108296,,,,,
49574.0,50450.0,49573.0,50450.0,0.0,1.0913936421275139e-10,0.09095439290103967,1.0913936421275139e-10,2020/07/20,50011.338331117164,50011.33833108307,50374.40498876378,0.0,50011.33833108307,,,,,
49572.0,50450.0,49574.0,50451.0,0.0,-1.0186340659856796e-10,0.08478341968293535,-1.0186340659856796e-10,2020/07/21,50011.338331117164,50011.33833108297,50374.489772183464,0.0,50011.33833108297,,,,,
49574.0,50450.0,49574.0,50449.0,0.0,-5.675246939063072e-10,0.07903109893231887,-5.675246939063072e-10,2020/07/22,50011.338331117164,50011.3383310824,50374.56880328238,0.0,50011.3383310824,,,,,
49574.0,50450.0,49573.0,50450.0,0.0,-4.2928149923682213e-10,0.07366906487004599,-4.2928149923682213e-10,2020/07/23,50011.338331117164,50011.33833108197,50374.64247234727,0.0,50011.33833108197,,,,,
49574.0,50450.0,49573.0,50450.0,0.0,3.128661774098873e-10,0.0686708216817351,3.128661774098873e-10,2020/07/24,50011.338331117164,50011.33833108228,50374.71114316893,0.0,50011.33833108228,,,,,
49572.0,50451.0,49575.0,50451.0,0.0,9.094947017729282e-10,0.06401170170283876,9.094947017729282e-10,2020/07/25,50011.338331117164,50011.33833108319,50374.775154870644,0.0,50011.33833108319,,,,,
49574.0,50451.0,49575.0,50451.0,0.0,9.240466170012951e-10,0.05966869144322118,9.240466170012951e-10,2020/07/26,50011.338331117164,50011.33833108412,50374.83482356209,0.0,50011.33833108412,,,,,
49574.0,50450.0,49574.0,50449.0,0.0,-6.039044819772243e-10,0.0556203395317425,-6.039044819772243e-10,2020/07/27,50011.338331117164,50011.33833108351,50374.89044390162,0.0,50011.33833108351,,,,,
49573.0,50450.0,49573.0,50450.0,0.0,-2.051820047199726e-09,0.05184665740671335,-2.051820047199726e-09,2020/07/28,50011.338331117164,50011.33833108146,50374.94229055903,0.0,50011.33833108146,,,,,
49574.0,50450.0,49573.0,50450.0,0.0,-1.0040821507573128e-09,0.04832901012559887,-1.0040821507573128e-09,2020/07/29,50011.338331117164,50011.33833108046,50374.99061956915,0.0,50011.33833108046,,,,,
49575.0,50450.0,49574.0,50449.0,0.0,1.1714291758835316e-09,0.0450500259976252,1.1714291758835316e-09,2020/07/30,50011.338331117164,50011.33833108163,50375.03566959515,0.0,50011.33833108163,,,,,
49574.0,50449.0,49573.0,50451.0,0.0,3.39787220582366e-09,0.04199351132410811,3.39787220582366e-09,2020/07/31,50011.338331117164,50011.338331085026,50375.077663106465,0.0,50011.338331085026,,,,,
49575.0,50450.0,49574.0,50450.0,0.0,2.393790055066347e-09,0.039144368878623936,2.393790055066347e-09,2020/08/01,50011.338331117164,50011.33833108742,50375.11680747535,0.0,50011.33833108742,,,,,
49574.0,50450.0,49574.0,50450.0,0.0,-3.768946044147015e-09,0.0364885345697985,-3.768946044147015e-09,2020/08/02,50011.338331117164,50011.33833108365,50375.15329600992,0.0,50011.33833108365,,,,,
49574.0,50450.0,49573.0,50450.0,0.0,-6.30825525149703e-09,0.034012892094324336,-6.30825525149703e-09,2020/08/03,50011.338331117164,50011.33833107734,50375.18730890201,0.0,50011.33833107734,,,,,
49573.0,50450.0,49573.0,50450.0,0.0,5.602487362921238e-10,0.03170521330321208,5.602487362921238e-10,2020/08/04,50011.338331117164,50011.3383310779,50375.21901411532,0.0,50011.3383310779,,,,,
49573.0,50450.0,49574.0,50451.0,0.0,1.7898855730891228e-09,0.029554106302384756,1.7898855730891228e-09,2020/08/05,50011.338331117164,50011.33833107969,50375.24856822162,0.0,50011.33833107969,,,,,
49574.0,50450.0,49573.0,50451.0,0.0,1.1568772606551647e-09,0.027548942365683612,1.1568772606551647e-09,2020/08/06,50011.338331117164,50011.33833108085,50375.27611716399,0.0,50011.33833108085,,,,,
49574.0,50451.0,49573.0,50450.0,0.0,7.930793799459934e-10,0.025679826219857205,7.930793799459934e-10,2020/08/07,50011.338331117164,50011.33833108164,50375.301796990214,0.0,50011.33833108164,,,,,
49573.0,50449.0,49574.0,50450.0,0.0,6.548361852765083e-11,0.023937520942126863,6.548361852765083e-11,2020/08/08,50011.338331117164,50011.33833108171,50375.32573451115,0.0,50011.33833108171,,,,,
49574.0,50450.0,49574.0,50450.0,0.0,7.712515071034431e-10,0.022313430003123358,7.712515071034431e-10,2020/08/09,50011.338331117164,50011.33833108248,50375.34804794115,0.0,50011.33833108248,,,,,
49573.0,50450.0,49573.0,50450.0,0.0,1.2369127944111824e-10,0.020799526726477783,1.2369127944111824e-10,2020/08/10,50011.338331117164,50011.3383310826,50375.36884746788,0.0,50011.3383310826,,,,,
49573.0,50451.0,49574.0,50450.0,0.0,-2.9103830456733704e-11,0.019388339482247833,-2.9103830456733704e-11,2020/08/11,50011.338331117164,50011.338331082574,50375.38823580736,0.0,50011.338331082574,,,,,
49573.0,50451.0,49574.0,50450.0,0.0,8.003553375601768e-11,0.01807289237331133,8.003553375601768e-11,2020/08/12,50011.338331117164,50011.338331082654,50375.40630869973,0.0,50011.338331082654,,,,,
49573.0,50450.0,49573.0,50450.0,0.0,-2.1827872842550278e-11,0.01684669853420928,-2.1827872842550278e-11,2020/08/13,50011.338331117164,50011.33833108263,50375.42315539827,0.0,50011.33833108263,,,,,
49574.0,50450.0,49573.0,50450.0,0.0,0.0,0.0157036979435361,0.0,2020/08/14,50011.338331117164,50011.33833108263,50375.43885909621,0.0,50011.33833108263,,,,,
49573.0,50450.0,49574.0,50450.0,0.0,3.637978807091713e-11,0.014638246786489615,3.637978807091713e-11,2020/08/15,50011.338331117164,50011.33833108267,50375.453497343,0.0,50011.33833108267,,,,,
49574.0,50451.0,49574.0,50451.0,0.0,0.0,0.013645084451127332,0.0,2020/08/16,50011.338331117164,50011.33833108267,50375.46714242745,0.0,50011.33833108267,,,,,
49574.0,50451.0,49574.0,50450.0,0.0,0.0,0.012719307567749638,0.0,2020/08/17,50011.338331117164,50011.33833108267,50375.47986173502,0.0,50011.33833108267,,,,,
49574.0,50451.0,49574.0,50451.0,0.0,7.275957614183426e-12,0.011856338765937837,7.275957614183426e-12,2020/08/18,50011.338331117164,50011.338331082676,50375.491718073776,0.0,50011.338331082676,,,,,
49574.0,50450.0,49573.0,50450.0,0.0,7.275957614183426e-12,0.011051919864257798,7.275957614183426e-12,2020/08/19,50011.338331117164,50011.33833108268,50375.502769993655,0.0,50011.33833108268,,,,,
49574.0,50452.0,49574.0,50451.0,0.0,0.0,0.010302078844688369,0.0,2020/08/20,50011.338331117164,50011.33833108268,50375.51307207249,0.0,50011.33833108268,,,,,
49574.0,50450.0,49574.0,50450.0,0.0,-7.275957614183426e-12,0.00960311356902821,-7.275957614183426e-12,2020/08/21,50011.338331117164,50011.338331082676,50375.52267518606,0.0,50011.338331082676,,,,,
49574.0,50450.0,49575.0,50451.0,0.0,7.275957614183426e-12,0.008951568946940823,7.275957614183426e-12,2020/08/22,50011.338331117164,50011.33833108268,50375.53162675501,0.0,50011.33833108268,,,,,
49573.0,50450.0,49573.0,50450.0,0.0,1.4551915228366852e-11,0.008344230191141833,1.4551915228366852e-11,2020/08/23,50011.338331117164,50011.3383310827,50375.53997098519,0.0,50011.3383310827,,,,,
49574.0,50449.0,49573.0,50449.0,0.0,-1.4551915228366852e-11,0.007778097555274144,-1.4551915228366852e-11,2020/08/24,50011.338331117164,50011.33833108268,50375.547749082754,0.0,50011.33833108268,,,,,
49574.0,50450.0,49573.0,50450.0,0.0,-1.4551915228366852e-11,0.007250375834701117,-1.4551915228366852e-11,2020/08/25,50011.338331117164,50011.33833108267,50375.55499945858,0.0,50011.33833108267,,,,,
49573.0,50450.0,49573.0,50450.0,0.0,0.0,0.0067584588832687595,0.0,2020/08/26,50011.338331117164,50011.33833108267,50375.56175791747,0.0,50011.33833108267,,,,,
49574.0,50450.0,49574.0,50451.0,0.0,2.9103830456733704e-11,0.006299899112491403,2.9103830456733704e-11,2020/08/27,50011.338331117164,50011.3383310827,50375.568057816585,0.0,50011.3383310827,,,,,
49574.0,50449.0,49574.0,50449.0,0.0,7.275957614183426e-11,0.005872477682714815,7.275957614183426e-11,2020/08/28,50011.338331117164,50011.33833108277,50375.57393029427,0.0,50011.33833108277,,,,,
49574.0,50450.0,49574.975,50449.0,0.0,8.003553375601768e-11,0.005474049692566041,8.003553375601768e-11,2020/08/29,50011.338331117164,50011.33833108285,50375.57940434397,0.0,50011.33833108285,,,,,
49573.0,50450.0,49573.0,50450.0,0.0,0.0,0.0051026511209784076,0.0,2020/08/30,50011.338331117164,50011.33833108285,50375.58450699508,0.0,50011.33833108285,,,,,
49573.0,50450.0,49574.0,50449.0,0.0,-9.458744898438454e-11,0.004756450936838519,-9.458744898438454e-11,2020/08/31,50011.338331117164,50011.338331082756,50375.58926344602,0.0,50011.338331082756,,,,,
49574.0,50450.0,49573.0,50451.0,0.0,-1.2369127944111824e-10,0.004433739239175338,-1.2369127944111824e-10,2020/09/01,50011.338331117164,50011.33833108263,50375.593697185264,0.0,50011.33833108263,,,,,
49573.0,50449.0,49572.0,50449.0,0.0,-6.548361852765083e-11,0.004132922607823275,-6.548361852765083e-11,2020/09/02,50011.338331117164,50011.33833108257,50375.597830107865,0.0,50011.33833108257,,,,,
49572.0,50450.0,49573.0,50450.0,0.0,8.731149137020111e-11,0.0038525137497344986,8.731149137020111e-11,2020/09/03,50011.338331117164,50011.338331082654,50375.601682621615,0.0,50011.338331082654,,,,,
49573.0,50450.0,49573.0,50450.0,0.0,2.9103830456733704e-10,0.0035911287486669607,2.9103830456733704e-10,2020/09/04,50011.338331117164,50011.338331082945,50375.60527375036,0.0,50011.338331082945,,,,,
49573.0,50450.0,49574.0,50450.0,0.0,2.837623469531536e-10,0.0033474881856818683,2.837623469531536e-10,2020/09/05,50011.338331117164,50011.33833108323,50375.608621238556,0.0,50011.33833108323,,,,,
49573.0,50451.0,49573.0,50451.0,0.0,-1.4551915228366852e-11,0.0031203767794067967,-1.4551915228366852e-11,2020/09/06,50011.338331117164,50011.338331083214,50375.611741615336,0.0,50011.338331083214,,,,,
49573.0,50450.0,49573.0,50450.0,0.0,-3.8562575355172157e-10,0.002908663220296148,-3.8562575355172157e-10,2020/09/07,50011.338331117164,50011.33833108283,50375.614650278556,0.0,50011.33833108283,,,,,
49573.0,50451.0,49573.0,50450.0,0.0,-6.984919309616089e-10,0.002711318804358598,-6.984919309616089e-10,2020/09/08,50011.338331117164,50011.33833108213,50375.61736159735,0.0,50011.33833108213,,,,,
49573.0,50451.0,49573.0,50449.0,0.0,-6.475602276623249e-10,0.002527361750253476,-6.475602276623249e-10,2020/09/09,50011.338331117164,50011.33833108148,50375.6198889591,0.0,50011.33833108148,,,,,
49573.0,50450.0,49574.0,50450.0,0.0,2.764863893389702e-10,0.002355885750148445,2.764863893389702e-10,2020/09/10,50011.338331117164,50011.33833108176,50375.62224484485,0.0,50011.33833108176,,,,,
49574.0,50451.0,49573.0,50451.0,0.0,1.367880031466484e-09,0.0021960460362606678,1.367880031466484e-09,2020/09/11,50011.338331117164,50011.33833108313,50375.62444089089,0.0,50011.33833108313,,,,,
49573.0,50450.0,49574.0,50451.0,0.0,2.1391315385699272e-09,0.002047050860710442,2.1391315385699272e-09,2020/09/12,50011.338331117164,50011.338331085266,50375.62648794175,0.0,50011.338331085266,,,,,
49573.0,50451.0,49574.0,50450.0,0.0,2.015440259128809e-09,0.001908165075292345,2.015440259128809e-09,2020/09/13,50011.338331117164,50011.33833108728,50375.628396106826,0.0,50011.33833108728,,,,,
49573.0,50451.0,49573.0,50450.0,0.0,8.585629984736443e-10,0.0017787004835554399,8.585629984736443e-10,2020/09/14,50011.338331117164,50011.33833108814,50375.63017480732,0.0,50011.33833108814,,,,,
49574.0,50451.0,49572.0,50450.0,0.0,-2.35741026699543e-09,0.0016580209630774336,-2.35741026699543e-09,2020/09/15,50011.338331117164,50011.33833108578,50375.63183282827,0.0,50011.33833108578,,,,,
49574.0,50451.0,49573.0,50449.0,0.0,-5.791662260890007e-09,0.0015455288084922358,-5.791662260890007e-09,2020/09/16,50011.338331117164,50011.33833107999,50375.63337835708,0.0,50011.33833107999,,,,,
49573.0,50449.0,49574.0,50450.0,0.0,-6.664777174592018e-09,0.0014406694754143243,-6.664777174592018e-09,2020/09/17,50011.338331117164,50011.338331073326,50375.63481902656,0.0,50011.338331073326,,,,,
49574.0,50449.0,49573.0,50449.0,0.0,-3.041350282728672e-09,0.0013429238679236732,-3.041350282728672e-09,2020/09/18,50011.338331117164,50011.338331070285,50375.63616195042,0.0,50011.338331070285,,,,,
49574.0,50449.0,49574.0,50451.0,0.0,2.6338966563344e-09,0.0012518107250798494,2.6338966563344e-09,2020/09/19,50011.338331117164,50011.33833107292,50375.63741376115,0.0,50011.33833107292,,,,,
49574.0,50450.0,49574.0,50451.0,0.0,1.097942003980279e-08,0.0011668792649288662,1.097942003980279e-08,2020/09/20,50011.338331117164,50011.3383310839,50375.63858064042,0.0,50011.3383310839,,,,,
49574.0,50449.0,49574.0,50450.0,0.0,1.7949787434190512e-08,0.0010877085514948703,1.7949787434190512e-08,2020/09/21,50011.338331117164,50011.33833110185,50375.639668348966,0.0,50011.33833110185,,,,,
49573.0,50451.0,49572.0,50450.0,0.0,1.531589077785611e-08,0.001013911205518525,1.531589077785611e-08,2020/09/22,50011.338331117164,50011.338331117164,50375.640682260164,0.0,50011.338331117164,,,,,
49575.0,50450.0,49573.0,50450.0,0.0,-4.3655745685100555e-09,0.0009451204896322453,-4.3655745685100555e-09,2020/09/23,50011.338331117164,50011.3383311128,50375.64162738066,0.0,50011.3383311128,,,,,
49574.0,50450.0,49574.0,50450.0,0.0,-1.1292286217212677e-08,0.0008809973296592943,-1.1292286217212677e-08,2020/09/24,50011.338331117164,50011.338331101506,50375.64250837799,0.0,50011.338331101506,,,,,
49574.0,50450.0,49574.0,50450.0,0.0,-7.697963155806065e-09,0.0008212248503696172,-7.697963155806065e-09,2020/09/25,50011.338331117164,50011.33833109381,50375.64332960284,0.0,50011.33833109381,,,,,
49573.0,50450.0,49573.0,50450.0,0.0,-4.394678398966789e-09,0.0007655059525859543,-4.394678398966789e-09,2020/09/26,50011.338331117164,50011.33833108941,50375.644095108786,0.0,50011.33833108941,,,,,
49573.0,50450.0,49573.0,50449.0,0.0,-2.6557245291769505e-09,0.0007135679916245863,-2.6557245291769505e-09,2020/09/27,50011.338331117164,50011.33833108676,50375.6448086768,0.0,50011.33833108676,,,,,
49573.0,50450.0,49573.0,50450.0,0.0,-1.5061232261359692e-09,0.000665152932924684,-1.5061232261359692e-09,2020/09/28,50011.338331117164,50011.33833108525,50375.64547382972,0.0,50011.33833108525,,,,,
49573.0,50451.0,49574.0,50451.0,0.0,0.0,0.0006200226125656628,0.0,2020/09/29,50011.338331117164,50011.33833108525,50375.64609385233,0.0,50011.33833108525,,,,,
49574.0,50450.0,49574.0,50450.0,0.0,0.0,0.0005779564089607447,0.0,2020/09/30,50011.338331117164,50011.33833108525,50375.64667180874,0.0,50011.33833108525,,,,,
49573.0,50449.0,49573.0,50450.0,0.0,0.0,0.0005387464116211049,0.0,2020/10/01,50011.338331117164,50011.33833108525,50375.647210555144,0.0,50011.33833108525,,,,,
49574.0,50450.0,49574.0,50450.0,0.0,0.0,0.0005021952456445433,0.0,2020/10/02,50011.338331117164,50011.33833108525,50375.647712750404,0.0,50011.33833108525,,,,,
49574.0,50450.0,49575.0,50450.0,0.0,0.0,0.0004681222490034998,0.0,2020/10/03,50011.338331117164,50011.33833108525,50375.648180872646,0.0,50011.33833108525,,,,,
49574.0,50451.0,49573.0,50450.0,0.0,0.0,0.00043636101327138016,0.0,2020/10/04,50011.338331117164,50011.33833108525,50375.64861723366,0.0,50011.33833108525,,,,,
49573.0,50451.0,49575.0,50450.0,0.0,0.0,0.0004067549161845818,0.0,2020/10/05,50011.338331117164,50011.33833108525,50375.649023988575,0.0,50011.33833108525,,,,,
49574.0,50451.0,49574.0,50451.0,0.0,0.0,0.00037915758002782235,0.0,2020/10/06,50011.338331117164,50011.33833108525,50375.64940314616,0.0,50011.33833108525,,,,,
