Date,Predict_confirm,Predict_actual,Dailynew_confirm,Dailynew_actual,Remove,Dailynew_remove,Remain_confirm,Confirm_interval_down,Confirm_interval_up,Actual_interval_down,Actual_interval_up,ADate,Official_confirmed,Official_dailynew,Official_remove
2020/02/13,28.0,112.0,0.0,0.0,7.0,0.0,21.0,18.0,39.0,92.0,133.0,2020-02-13,28.0,0.0,7.0
2020/02/14,69.95977089429113,120.18371278722387,41.959770894291125,8.183712787223868,7.4739085606884865,0.4739085606884865,62.48586233360264,54.0,87.0,99.0,142.0,2020-02-14,28.0,0.0,7.0
2020/02/15,99.1097925407155,140.52839469504832,29.150021646424378,20.34468190782445,8.312438054920266,0.8385294942317794,90.79735448579524,80.0,119.0,118.0,164.0,2020-02-15,28.0,0.0,9.0
2020/02/16,126.63686359751222,170.5716816025236,27.527071056796714,30.043286907475277,9.441674183447748,1.1292361285274826,117.19518941406447,105.0,149.0,146.0,197.0,2020-02-16,29.0,1.0,9.0
2020/02/17,158.00517420966972,210.68811188367417,31.3683106121575,40.11643028115057,10.873477305090933,1.4318031216431848,147.13169690457877,134.0,183.0,183.0,240.0,2020-02-17,30.0,1.0,10.0
2020/02/18,196.66482468534716,262.76507432787844,38.65965047567744,52.07696244420427,12.665696042321635,1.7922187372307015,183.99912864302553,170.0,225.0,231.0,295.0,2020-02-18,31.0,1.0,11.0
2020/02/19,245.61074957222314,329.77413619020047,48.945924886875986,67.00906186232203,14.909493177633138,2.243797135311503,230.70125639459002,215.0,277.0,295.0,366.0,2020-02-19,51.0,20.0,14.0
2020/02/20,308.1006264566216,415.7259068839106,62.489876884398484,85.95177069371016,17.728395977342153,2.818902799709015,290.3722304792795,274.0,343.0,376.0,456.0,2020-02-20,104.0,53.0,14.0
2020/02/21,388.05951088468663,525.8081410117682,79.958884428065,110.08223412785753,21.28313305511216,3.5547370777700067,366.77637782957447,350.0,427.0,481.0,571.0,2020-02-21,204.0,100.0,14.0
2020/02/22,490.38674182178175,666.6315322919946,102.32723093709512,140.82339128022647,25.78014487155054,4.4970118164383805,464.6065969502312,448.0,534.0,617.0,718.0,2020-02-22,433.0,229.0,18.0
2020/02/23,621.2556441307308,846.5566079388602,130.8689023089491,179.9250756468656,31.48322998387854,5.703085112328001,589.7724141468523,573.0,671.0,790.0,904.0,2020-02-23,602.0,169.0,25.0
2020/02/24,788.4456187579715,1076.0921811499136,167.18997462724064,229.53557321105336,38.72845824397068,7.245228260092137,749.7171605140009,734.0,844.0,1012.0,1141.0,2020-02-24,833.0,231.0,26.0
2020/02/25,1001.7234953989574,1368.357468652549,213.27787664098594,292.2652875026354,47.94277085889563,9.21431261492495,953.7807245400618,940.0,1064.0,1296.0,1441.0,2020-02-25,977.0,144.0,32.0
2020/02/26,1273.2772373194548,1739.5913791744147,271.5537419204974,371.2339105218657,59.66679066031952,11.724019801423893,1213.6104466591353,1204.0,1344.0,1658.0,1822.0,2020-02-26,1261.0,284.0,35.0
2020/02/27,1618.1909943972992,2209.6733943341737,344.91375707784437,470.08201515975907,74.58231518095306,14.91552452063354,1543.608679216346,1540.0,1698.0,2118.0,2302.0,2020-02-27,2022.0,761.0,35.0
2020/02/28,2054.9308772853797,2802.5887310038433,436.7398828880805,592.9153366696696,93.54474490034313,18.962429719390073,1961.3861323850365,1967.0,2144.0,2699.0,2907.0,2020-02-28,2337.0,315.0,35.0
2020/02/29,2605.781044267069,3546.722397476635,550.8501669816892,744.1336664727914,117.62021735465244,24.075472454309306,2488.1608269124163,2506.0,2706.0,3431.0,3664.0,2020-02-29,3526.0,1189.0,44.0
2020/03/01,3297.1264552964044,4474.800878343187,691.3454110293355,928.0784808665521,148.12634018746274,30.506122832810306,3149.000115108942,3185.0,3410.0,4344.0,4606.0,2020-03-01,3736.0,210.0,47.0
2020/03/02,4159.420247813921,5623.219532645487,862.293792517517,1148.4186543022997,186.67400951720523,38.54766932974249,3972.746238296716,4033.0,4286.0,5477.0,5770.0,2020-03-02,4335.0,599.0,58.0
2020/03/03,5226.603947203747,7030.414047306949,1067.183699389826,1407.1945146614626,235.20570290337326,48.53169338616803,4991.398244300374,5085.0,5369.0,6866.0,7195.0,2020-03-03,5186.0,851.0,58.0
2020/03/04,6534.681299374357,8733.890489403517,1308.0773521706096,1703.4764420965676,296.02279464474253,60.81709174136927,6238.658504729615,6377.0,6693.0,8551.0,8918.0,2020-03-04,5621.0,435.0,76.0
2020/03/05,6824.745265125264,8733.948947202434,290.0639657509073,0.0584577989175159,341.150902248259,45.12810760351647,6483.594362877006,6663.0,6987.0,8552.0,8918.0,2020-03-05,6088.0,467.0,81.0
2020/03/06,7076.55910279312,8733.999696228368,251.8138376678553,0.050749025933328085,387.8710868535216,46.7201846052626,6688.688015939598,6912.0,7242.0,8552.0,8918.0,2020-03-06,6593.0,505.0,150.0
2020/03/07,7295.166688535644,8734.043753019412,218.60758574252486,0.044056791044567944,435.9201151996741,48.04902834615251,6859.24657333597,7128.0,7463.0,8551.0,8918.0,2020-03-07,7041.0,448.0,162.0
2020/03/08,7484.946923260151,8734.082000091204,189.78023472450695,0.03824707179228426,485.06983489389347,49.14971969421936,6999.877088366258,7316.0,7655.0,8551.0,8917.0,2020-03-08,7314.0,273.0,168.0
2020/03/09,7649.701183855039,8734.115203563262,164.75426059488746,0.03320347205772123,535.1225580188072,50.05272312491377,7114.578625836231,7479.0,7822.0,8551.0,8918.0,2020-03-09,7478.0,164.0,171.0
2020/03/10,7792.729655064837,8734.144028543904,143.02847120979823,0.02882498064172978,585.9070319671912,50.78447394838395,7206.822623097646,7620.0,7966.0,8551.0,8918.0,2020-03-10,7513.0,35.0,301.0
2020/03/11,7916.897207839949,8734.169052408037,124.1675527751122,0.025023864132890594,637.2749620835197,51.367930116328466,7279.62224575643,7743.0,8091.0,8551.0,8917.0,2020-03-11,7755.0,242.0,348.0
2020/03/12,8024.691022316793,8734.190776410966,107.79381447684409,0.021724002928749542,689.0979700790314,51.823007995511716,7335.593052237762,7849.0,8201.0,8551.0,8917.0,2020-03-12,7979.0,224.0,400.0
2020/03/13,8118.270271932526,8734.209635702005,93.5792496157328,0.01885929103991657,741.2649715129814,52.16700143395008,7377.005300419545,7942.0,8295.0,8551.0,8918.0,2020-03-13,8086.0,107.0,582.0
2020/03/14,8199.509402738364,8734.226008047166,81.2391308058377,0.016372345160561963,793.6798913618055,52.41491984882407,7405.829511376558,8022.0,8377.0,8551.0,8918.0,2020-03-14,8162.0,76.0,786.0
2020/03/15,8270.035685610419,8734.240221397531,70.52628287205516,0.01421335036502569,846.2596819026378,52.57979054083228,7423.7760037077815,8092.0,8449.0,8551.0,8918.0,2020-03-15,8236.0,74.0,909.0
2020/03/16,8320.0,8734.252560456278,49.96431438958098,0.012339058746874798,1219.0,372.7403180973622,7101.0,8142.0,8499.0,8552.0,8918.0,2020-03-16,8320.0,84.0,1219.0
2020/03/17,8374.637712275915,8734.263571734044,54.637712275914964,0.01101127776564681,1269.3685581299621,50.36855812996214,7105.269154145953,8195.0,8554.0,8551.0,8918.0,,,,
2020/03/18,8422.070452998112,8734.273130973168,47.432740722197195,0.009559239124428132,1319.7411967184314,50.37263858846927,7102.3292562796805,8243.0,8602.0,8552.0,8918.0,,,,
2020/03/19,8463.248327927748,8734.28142965176,41.177874929635436,0.00829867859283695,1370.0704210294641,50.329224311032704,7093.177906898283,8284.0,8644.0,8552.0,8918.0,,,,
2020/03/20,8498.996154514814,8734.288633998012,35.74782658706681,0.007204346251455718,1420.315331113624,50.24491008415998,7078.6808234011905,8319.0,8680.0,8551.0,8918.0,,,,
2020/03/21,8530.029982944687,8734.29488831978,31.0338284298723,0.006254321768210502,1470.4407498476196,50.1254187339955,7059.589233097067,8349.0,8712.0,8552.0,8918.0,,,,
2020/03/22,8556.971438486431,8734.30031789509,26.94145554174429,0.005429575308880885,1520.4164659794837,49.97571613186415,7036.554972506947,8376.0,8739.0,8551.0,8918.0,,,,
2020/03/23,8580.360175686896,8734.3050314821,23.388737200464675,0.004713587009973708,1570.2165768424297,49.800110862945985,7010.143598844466,8399.0,8762.0,8552.0,8919.0,,,,
2020/03/24,8600.664684396297,8734.309123496889,20.30450870940149,0.004092014789421228,1619.8189180693105,49.60234122688075,6980.845766326986,8420.0,8783.0,8552.0,8918.0,,,,
2020/03/25,8618.29167598899,8734.312675905117,17.62699159269323,0.0035524082286428893,1669.204568253108,49.38565018379745,6949.0871077358825,8437.0,8801.0,8552.0,8918.0,,,,
2020/03/26,8633.594229558577,8734.315759863752,15.302553569586962,0.0030839586343063274,1718.3574190634865,49.152850810378595,6915.236810495091,8452.0,8816.0,8552.0,8918.0,,,,
2020/03/27,8646.878864167016,8734.31843714638,13.284634608438864,0.002677282627701061,1767.2638020526126,48.90638298912609,6879.615062114403,8465.0,8830.0,8552.0,8918.0,,,,
2020/03/28,8658.411679537621,8734.320761380755,11.532815370605022,0.002324234375919332,1815.912164633929,48.648362581316405,6842.499514903692,8476.0,8841.0,8552.0,8918.0,,,,
2020/03/29,8668.423684393863,8734.322779122645,10.012004856242129,0.0020177418900857447,1864.292788941617,48.38062430768787,6804.1308954522465,8487.0,8852.0,8551.0,8918.0,,,,
2020/03/30,8677.115425029895,8734.324530788634,8.691740636031682,0.0017516659881948726,1912.397547627693,48.10475868607614,6764.717877402202,8495.0,8860.0,8552.0,8918.0,,,,
2020/03/31,8684.661002235294,8734.326051465676,7.5455772053992405,0.0015206770422082627,1960.2196919450473,47.82214431735429,6724.441310290247,8503.0,8868.0,8552.0,8918.0,,,,
2020/04/01,8691.211558411482,8734.327371613861,6.550556176187456,0.0013201481851865537,2007.753667796489,47.53397585144171,6683.457890614993,8509.0,8874.0,8552.0,8918.0,,,,
2020/04/02,8696.898305160383,8734.328517676575,5.686746748900987,0.0011460627138148993,2054.9949560399255,47.24128824343643,6641.903349120457,8515.0,8881.0,8552.0,8918.0,,,,
2020/04/03,8701.835151392457,8734.329512610146,4.936846232074458,0.00099493357083702,2101.9399338799776,46.94497784005216,6599.89521751248,8520.0,8885.0,8551.975000000002,8918.0,,,,
2020/04/04,8706.120985039848,8734.330376343687,4.285833647390973,0.0008637335413368419,2148.585754543818,46.64582066384037,6557.535230496031,8524.0,8890.0,8552.0,8918.0,,,,
2020/04/05,8709.841653922056,8734.331126178307,3.720668882207974,0.0007498346203647088,2194.9302428369338,46.344488293115774,6514.911411085122,8527.0,8893.0,8551.0,8918.0,,,,
2020/04/06,8713.071685240962,8734.331777133646,3.2300313189061853,0.000650955338642234,2240.971804494964,46.04156165803033,6472.099880745998,8530.0,8896.0,8551.0,8918.0,,,,
2020/04/07,8715.875778435118,8734.332342248725,2.8040931941559393,0.00056511507864343,2286.7093474983385,45.73754300337441,6429.16643093678,8534.0,8899.0,8552.0,8918.0,,,,
2020/04/08,8718.310101176752,8734.332832843143,2.4343227416338777,0.0004905944188067224,2332.1422137775494,45.432866279210884,6386.167887399202,8536.0,8902.0,8552.0,8918.0,,,,
2020/04/09,8720.423414377627,8734.3332587438,2.1133132008744724,0.00042590065640979446,2377.2701199436738,45.127906166124376,6343.153294433952,8538.0,8904.0,8552.0,8918.0,,,,
2020/04/10,8722.258048968679,8734.33362848174,1.834634591052236,0.0003697379397635814,2422.093105842461,44.82298589878701,6300.164943126218,8540.0,8906.0,8551.0,8919.0,,,,
2020/04/11,8723.850753769852,8734.333949463035,1.5927048011726583,0.00032098129486257676,2466.611489912346,44.51838406988509,6257.239263857506,8541.0,8908.0,8552.0,8918.0,,,,
2020/04/12,8725.233431599194,8734.334228117132,1.3826778293423558,0.0002786540972010698,2510.82583044114,44.21434052879431,6214.407601158054,8543.0,8909.0,8552.0,8918.0,,,,
2020/04/13,8726.433778323633,8734.334470025638,1.2003467244394415,0.0002419085067231208,2554.736891945323,43.911061504182726,6171.69688637831,8543.0,8910.0,8551.0,8918.0,,,,
2020/04/14,8727.475837594508,8734.334680034128,1.0420592708742333,0.00021000848937546834,2598.3456159992647,43.60872405394184,6129.130221595243,8545.0,8911.0,8552.0,8918.0,,,,
2020/04/15,8728.380482481973,8734.334862349191,0.9046448874651105,0.00018231506328447722,2641.653095922434,43.30747992316947,6086.727386559538,8545.0,8912.0,8552.0,8918.0,,,,
2020/04/16,8729.165833560604,8734.335020622715,0.7853510786317202,0.00015827352399355732,2684.6605548203597,43.00745889792552,6044.505278740245,8547.0,8913.0,8551.0,8918.0,,,,
2020/04/17,8729.847621877841,8734.335158025006,0.6817883172370784,0.00013740229042014107,2727.369326534265,42.70877171390521,6002.478295343577,8547.0,8913.0,8552.0,8918.0,,,,
2020/04/18,8730.439504060534,8734.335277308317,0.5918821826926433,0.00011928331150556915,2769.780839116409,42.41151258214404,5960.658664944125,8548.0,8914.0,8551.0,8918.0,,,,
2020/04/19,8730.953335859796,8734.335380861965,0.5138317992623342,0.00010355364793213084,2811.896600498569,42.115761382160144,5919.056735361228,8548.0,8915.0,8552.0,8918.0,,,,
2020/04/20,8731.39940963191,8734.335470760188,0.44607377211286803,8.989822345029097e-05,2853.718186063453,41.82158556488366,5877.6812235684565,8549.0,8915.0,8552.0,8918.0,,,,
2020/04/21,8731.786660500129,8734.335548803703,0.3872508682197804,7.804351480444893e-05,2895.247227868595,41.52904180514224,5836.5394326315345,8549.0,8915.0,8551.0,8918.0,,,,
2020/04/22,8732.122845329124,8734.335616555767,0.33618482899510127,6.775206384190824e-05,2936.485405304632,41.23817743603695,5795.637440024492,8549.0,8916.0,8552.0,8918.0,,,,
2020/04/23,8732.414698100863,8734.335675373497,0.29185277173928625,5.881772995053325e-05,2977.43443699852,40.94903169388817,5754.980261102343,8550.0,8916.0,8552.0,8918.0,,,,
2020/04/24,8732.668064800107,8734.33572643504,0.2533666992439976,5.1061542762909085e-05,3018.096073797636,40.66163679911597,5714.571991002471,8550.0,8916.0,8552.0,8918.0,,,,
2020/04/25,8732.88802051203,8734.335770763195,0.2199557119220117,4.432815512700472e-05,3058.472092692107,40.37601889447069,5674.415927819922,8550.0,8917.0,8552.0,8918.0,,,,
2020/04/26,8733.078971080584,8734.33580924588,0.19095056855439907,3.848268534056842e-05,3098.5642915513918,40.09219885928496,5634.514679529192,8550.0,8917.0,8551.0,8918.0,,,,
2020/04/27,8733.244741359027,8734.335842653925,0.1657702784432331,3.340804505569395e-05,3138.3744845678975,39.810193016505764,5594.87025679113,8550.0,8917.0,8551.0,8918.0,,,,
2020/04/28,8733.388651824498,8734.335871656516,0.14391046547098085,2.9002590963500552e-05,3177.9044983141016,39.53001374620408,5555.484153510397,8550.0,8917.0,8552.0,8917.0,,,,
2020/04/29,8733.513585089322,8734.335896834591,0.12493326482399425,2.517807479307521e-05,3217.15616833227,39.251670018168625,5516.357416757051,8551.0,8918.0,8551.0,8918.0,,,,
2020/04/30,8733.622043640871,8734.33591869248,0.10845855154911987,2.185788980568759e-05,3256.1313361864873,38.975167854217034,5477.490707454384,8551.0,8917.0,8552.0,8918.0,,,,
2020/05/01,8733.716199968505,8734.335937668011,0.0941563276337547,1.897553011076525e-05,3294.831846915836,38.700510729348935,5438.884353052668,8551.0,8917.0,8552.0,8918.0,,,,
2020/05/02,8733.797940079388,8734.335954141274,0.08174011088340194,1.647326280362904e-05,3333.2595468358645,38.42769992002832,5400.538393243523,8551.0,8917.0,8552.0,8918.0,,,,
2020/05/03,8733.868901276512,8734.335968442238,0.07096119712332438,1.4300963812274858e-05,3371.416281642227,38.15673480636269,5362.452619634285,8551.0,8918.0,8551.0,8918.0,,,,
2020/05/04,8733.93050495488,8734.335980857362,0.06160367836855585,1.2415124729159288e-05,3409.3038947766177,37.88761313439045,5324.626610178262,8551.0,8918.0,8552.0,8918.0,,,,
2020/05/05,8733.983985072753,8734.335991635327,0.05348011787282303,1.0777965144370683e-05,3446.9242260203105,37.62033124369282,5287.059759052443,8552.0,8918.0,8552.0,8918.0,,,,
2020/05/06,8734.030412868691,8734.336000992022,0.04642779593814339,9.35669413593132e-06,3484.279110285195,37.35488426488473,5249.751302583496,8551.0,8918.0,8552.0,8918.0,,,,
2020/05/07,8734.07071831905,8734.336009114868,0.04030545035857358,8.122846338665113e-06,3521.370376576195,37.09126629100001,5212.700341742855,8551.0,8917.0,8552.0,8918.0,,,,
2020/05/08,8734.105708765941,8734.33601616657,0.034990446891242755,7.0517016865778714e-06,3558.1998471023758,36.82947052618056,5175.905861663565,8552.0,8918.0,8551.0,8918.0,,,,
2020/05/09,8734.136085088821,8734.336022288377,0.0303763228803291,6.1218070186441764e-06,3594.7693365170503,36.569489414674536,5139.366748571771,8552.0,8917.0,8551.0,8918.0,,,,
2020/05/10,8734.162455743566,8734.336027602913,0.026370654744823696,5.314535883371718e-06,3631.080651269793,36.311314752742874,5103.081804473773,8551.0,8918.0,8552.0,8918.0,,,,
2020/05/11,8734.185348950214,8734.33603221663,0.02289320664749539,4.613717464962974e-06,3667.135589055517,36.05493778572372,5067.049759894697,8551.0,8918.0,8552.0,8918.0,,,,
2020/05/12,8734.205223272875,8734.336036221946,0.019874322661053156,4.0053164411801845e-06,3702.9359383477736,35.80034929225667,5031.269284925102,8552.0,8918.0,8552.0,8918.0,,,,
2020/05/13,8734.222476805431,8734.336039699088,0.017253532556424034,3.4771419450407848e-06,3738.4834780050005,35.547539657226935,4995.738998800431,8551.0,8918.0,8551.0,8918.0,,,,
2020/05/14,8734.237455147204,8734.336042717705,0.014978341772803105,3.018616553163156e-06,3773.7799769399967,35.29649893499618,4960.457478207207,8551.0,8918.0,8552.0,8918.0,,,,
2020/05/15,8734.250458323604,8734.336045338265,0.013003176400161465,2.620559826027602e-06,3808.8271938444536,35.047216904456945,4925.42326447915,8552.0,8918.0,8552.0,8918.0,,,,
2020/05/16,8734.261746795819,8734.336047613255,0.011288472214801004,2.2749900381313637e-06,3843.626876960931,34.799683116477354,4890.634869834888,8551.0,8917.0,8552.0,8918.0,,,,
2020/05/17,8734.271546678585,8734.336049588246,0.009799882765946677,1.9749913917621598e-06,3878.1807638960117,34.553886935080754,4856.090782782573,8551.0,8918.0,8552.0,8918.0,,,,
2020/05/18,8734.280054269395,8734.3360513028,0.00850759081004071,1.7145539459306747e-06,3912.4905814691774,34.309817573165674,4821.7894728002175,8552.0,8918.0,8551.0,8918.0,,,,
2020/05/19,8734.28743998031,8734.336052791257,0.007385710914604715,1.4884572010487318e-06,3946.5580455925915,34.067464123414084,4787.729394387718,8552.0,8918.0,8552.0,8918.0,,,,
2020/05/20,8734.293851750548,8734.336054083436,0.006411770238628378,1.2921791494591162e-06,3980.3848611776807,33.82681558508921,4753.908990572867,8551.0,8918.0,8552.0,8917.0,,,,
2020/05/21,8734.299418013357,8734.336055205216,0.005566262809225009,1.1217798601137474e-06,4013.972722064626,33.587860886945236,4720.326695948732,8552.0,8918.0,8551.0,8918.0,,,,
2020/05/22,8734.304250263842,8734.33605617907,0.004832250484469114,9.738541848491877e-07,4047.3233109723137,33.35058890768778,4686.980939291529,8552.0,8918.0,8552.0,8918.0,,,,
2020/05/23,8734.308445294504,8734.336057024506,0.004195030662231147,8.454353519482538e-07,4080.438299465219,33.11498849290547,4653.870145829285,8551.0,8918.0,8552.0,8918.0,,,,
2020/05/24,8734.31208713474,8734.336057758454,0.0036418402360141044,7.339476724155247e-07,4113.319347935321,32.88104847010209,4620.992739199419,8552.0,8918.0,8551.0,8918.0,,,,
2020/05/25,8734.315248732302,8734.336058395618,0.003161597562211682,6.371647032210603e-07,4145.96810559704,32.64875766171917,4588.347143135262,8552.0,8918.0,8552.0,8918.0,,,,
2020/05/26,8734.317993416069,8734.33605894876,0.002744683766650269,5.531419446924701e-07,4178.386210493129,32.41810489608815,4555.93178292294,8552.0,8918.0,8552.0,8918.0,,,,
2020/05/27,8734.320376163641,8734.33605942896,0.002382747572482913,4.802004696102813e-07,4210.575289510277,32.18907901714829,4523.7450866533645,8552.0,8917.0,8552.0,8918.0,,,,
2020/05/28,8734.322444702804,8734.336059845837,0.002068539162792149,4.168759915046394e-07,4242.536958402907,31.96166889262986,4491.7854862998975,8552.0,8918.0,8552.0,8918.0,,,,
2020/05/29,8734.324240467624,8734.336060207743,0.0017957648196897935,3.619061317294836e-07,4274.27282182406,31.735863421153226,4460.051418643564,8552.0,8918.0,8552.0,8918.0,,,,
2020/05/30,8734.325799428403,8734.336060521924,0.0015589607792207971,3.1418130674865097e-07,4305.784473362369,31.511651538308797,4428.541326066034,8552.0,8918.0,8552.0,8918.0,,,,
2020/05/31,8734.327152812039,8734.336060794676,0.0013533836354326922,2.7275200409349054e-07,4337.073495584239,31.289022221870255,4397.2536572277995,8552.0,8918.0,8551.0,8918.0,,,,
2020/06/01,8734.328327727457,8734.336061031458,0.0011749154182325583,2.3678148863837123e-07,4368.1414600804865,31.06796449624744,4366.18686764697,8552.0,8918.0,8552.0,8918.0,,,,
2020/06/02,8734.329347709056,8734.336061237018,0.001019981598801678,2.0556035451591015e-07,4398.9899275167245,30.848467436238025,4335.339420192331,8552.0,8918.0,8552.0,8918.0,,,,
2020/06/03,8734.330233187677,8734.33606141547,0.0008854786210577004,1.7845195543486625e-07,4429.620447687032,30.630520170307136,4304.709785500645,8552.0,8918.0,8552.0,8918.0,,,,
2020/06/04,8734.331001899878,8734.33606157039,0.0007687122015340719,1.549196895211935e-07,4460.034559570315,30.414111883283113,4274.296442329563,8552.0,8918.0,8551.0,8919.0,,,,
2020/06/05,8734.331669243436,8734.33606170488,0.000667343558234279,1.3449061952997e-07,4490.233791388956,30.199231818641238,4244.09787785448,8552.0,8918.0,8552.0,8918.0,,,,
2020/06/06,8734.332248585724,8734.336061821636,0.0005793422878923593,1.1675547284539789e-07,4520.219660669411,29.985869280454608,4214.112587916314,8551.0,8918.0,8552.0,8918.0,,,,
2020/06/07,8734.332751531252,8734.336061922995,0.0005029455278418027,1.0135954653378576e-07,4549.99367430441,29.774013634999392,4184.339077226842,8552.0,8918.0,8552.0,8918.0,,,,
2020/06/08,8734.333188154269,8734.336062010989,0.00043662301686708815,8.799361239653081e-08,4579.55732861647,29.563654312059953,4154.775859537799,8552.0,8919.0,8551.0,8918.0,,,,
2020/06/09,8734.33356720066,8734.33606208738,0.00037904639066255186,7.639027899131179e-08,4608.9121094224865,29.354780806016606,4125.421457778173,8551.0,8918.0,8552.0,8918.0,,,,
2020/06/10,8734.33389626295,8734.336062153696,0.0003290622898930451,6.631671567447484e-08,4638.05949209922,29.147382676733287,4096.27440416373,8551.0,8918.0,8552.0,8918.0,,,,
2020/06/11,8734.334181932372,8734.336062211267,0.0002856694227375556,5.757101462222636e-08,4667.000941649459,28.941449550238758,4067.3332402829137,8552.0,8918.0,8552.0,8918.0,,,,
2020/06/12,8734.334429930737,8734.336062261247,0.0002479983650118811,4.99803718412295e-08,4695.737912768728,28.736971119269583,4038.596517162009,8551.0,8918.0,8552.0,8918.0,,,,
2020/06/13,8734.334645226412,8734.336062304637,0.00021529567493416835,4.339017323218286e-08,4724.2718499123175,28.533937143589355,4010.0627953140947,8551.0,8918.0,8552.0,8918.0,,,,
2020/06/14,8734.334832131604,8734.336062342303,0.000186905192094855,3.766581357922405e-08,4752.604187362775,28.33233745045709,3981.7306447688297,8552.0,8918.0,8552.0,8918.0,,,,
2020/06/15,8734.334994390347,8734.336062375005,0.00016225874242081773,3.270179149694741e-08,4780.736349297381,28.1321619346063,3953.598645092966,8552.0,8918.0,8552.0,8918.0,,,,
2020/06/16,8734.335135252304,8734.336062403394,0.000140861957333982,2.8388967621140182e-08,4808.669749855864,27.9334005584833,3925.66538539644,8552.0,8918.0,8552.0,8918.0,,,,
2020/06/17,8734.335257538967,8734.336062428038,0.00012228666309965774,2.4643668439239264e-08,4836.405793208004,27.73604335213986,3897.929464330963,8552.0,8918.0,8551.0,8918.0,,,,
2020/06/18,8734.335363699614,8734.336062449434,0.00010616064719215501,2.139677235390991e-08,4863.945873621283,27.5400804132787,3870.3894900783316,8551.0,8917.0,8551.0,8918.0,,,,
2020/06/19,8734.3354558613,8734.336062468008,9.216168473358266e-05,1.857370079960674e-08,4891.291375528347,27.345501907064317,3843.044080332952,8551.0,8918.0,8552.0,8919.0,,,,
2020/06/20,8734.335535869523,8734.33606248413,8.000822344911285e-05,1.6121703083626926e-08,4918.443673594463,27.15229806611569,3815.89186227506,8552.0,8918.0,8551.0,8918.0,,,,
2020/06/21,8734.335605327338,8734.33606249813,6.945781569811516e-05,1.4000761439092457e-08,4945.404132784576,26.960459190113397,3788.931472542762,8552.0,8918.0,8552.0,8918.0,,,,
2020/06/22,8734.335665625797,8734.336062510281,6.0298458265606314e-05,1.2150849215686321e-08,4972.17410843032,26.769975645744125,3762.1615571954762,8552.0,8918.0,8552.0,8918.0,,,,
2020/06/23,8734.335717972763,8734.33606252083,5.234696618572343e-05,1.0548319551162422e-08,4998.754946296642,26.580837866321417,3735.580771676121,8552.0,8917.0,8551.0,8918.0,,,,
2020/06/24,8734.335763416962,8734.336062529988,4.544419971352909e-05,9.158611646853387e-09,5025.1479826481955,26.393036351553746,3709.187780768767,8551.0,8918.0,8552.0,8918.0,,,,
2020/06/25,8734.335802868383,8734.33606253794,3.945142088923603e-05,7.950802682898939e-09,5051.354544315438,26.206561667242568,3682.9812585529453,8552.0,8918.0,8552.0,8918.0,,,,
2020/06/26,8734.335837117562,8734.336062544842,3.4249178497702815e-05,6.903064786456525e-09,5077.37594876034,26.021404444902146,3656.9598883572216,8551.0,8918.0,8552.0,8918.0,,,,
2020/06/27,8734.33586685019,8734.336062550834,2.9732627808698453e-05,5.991751095280051e-09,5103.213504141785,25.837555381444872,3631.1223627084046,8552.0,8918.0,8551.0,8918.0,,,,
2020/06/28,8734.335892662119,8734.336062556036,2.5811928935581818e-05,5.2023096941411495e-09,5128.868509380664,25.655005238879312,3605.467383281454,8552.0,8918.0,8552.0,8918.0,,,,
2020/06/29,8734.335915070642,8734.336062560553,2.2408523363992572e-05,4.516550689004362e-09,5154.342254224454,25.473744843789973,3579.9936608461876,8551.0,8917.0,8552.0,8918.0,,,,
2020/06/30,8734.33593452386,8734.336062564471,1.9453218556009233e-05,3.918103175237775e-09,5179.636019311655,25.29376508720088,3554.6999152122053,8552.0,8918.0,8551.0,8918.0,,,,
2020/07/01,8734.335951411196,8734.336062567876,1.6887335732462816e-05,3.4051481634378433e-09,5204.7510762354095,25.11505692375431,3529.5848751757867,8552.0,8918.0,8551.0,8918.0,,,,
2020/07/02,8734.335966071776,8734.336062570832,1.4660579836345278e-05,2.9558577807620168e-09,5229.688687607621,24.937611372211904,3504.6472784641546,8552.0,8918.0,8552.0,8918.0,,,,
2020/07/03,8734.33597879879,8734.336062573395,1.2727014109259471e-05,2.5629560695961118e-09,5254.45010712121,24.761419513588407,3479.8858716775803,8552.0,8918.0,8552.0,8918.0,,,,
2020/07/04,8734.335989848047,8734.336062575623,1.1049256499973126e-05,2.228262019343674e-09,5279.036579613819,24.586472492609573,3455.2994102342273,8552.0,8918.0,8551.0,8918.0,,,,
2020/07/05,8734.335999440269,8734.336062577555,9.592222340870649e-06,1.9317667465656996e-09,5303.449341129076,24.412761515256534,3430.886658311193,8552.0,8918.0,8551.0,8918.0,,,,
2020/07/06,8734.33600776779,8734.336062579234,8.327520845341496e-06,1.6789272194728255e-09,5327.689618979567,24.24027785049111,3406.646388788223,8551.0,8918.0,8552.0,8918.0,,,,
2020/07/07,8734.336014996952,8734.336062580689,7.229162292787805e-06,1.4551915228366852e-09,5351.758631807254,24.069012827686493,3382.5773831896986,8551.0,8918.0,8552.0,8918.0,,,,
2020/07/08,8734.336021272984,8734.336062581955,6.276031854213215e-06,1.2660166248679161e-09,5375.657589645651,23.89895783839711,3358.6784316273333,8552.0,8918.0,8552.0,8918.0,,,,
2020/07/09,8734.336026721287,8734.336062583052,5.448302545119077e-06,1.0968506103381515e-09,5399.387693979416,23.730104333765667,3334.94833274187,8552.0,8918.0,8552.0,8918.0,,,,
2020/07/10,8734.336031451237,8734.336062584007,4.729950887849554e-06,9.549694368615746e-10,5422.950137805678,23.562443826262097,3311.385893645559,8552.0,8918.0,8552.0,8918.0,,,,
2020/07/11,8734.336035556953,8734.336062584835,4.105715561308898e-06,8.276401786133647e-10,5446.346105692411,23.39596788673225,3287.9899298645423,8552.0,8918.0,8552.0,8918.0,,,,
2020/07/12,8734.336039121274,8734.336062585553,3.564320650184527e-06,7.185008144006133e-10,5469.576773840213,23.230668147802135,3264.759265281061,8552.0,8918.0,8552.0,8918.0,,,,
2020/07/13,8734.336042216288,8734.336062586175,3.095014108112082e-06,6.220943760126829e-10,5492.6433101400635,23.066536299850668,3241.6927320762243,8552.0,8919.0,8552.0,8918.0,,,,
2020/07/14,8734.336044902937,8734.336062586717,2.6866491680266336e-06,5.420588422566652e-10,5515.546874230048,22.903564089984684,3218.7891706728888,8551.0,8918.0,8552.0,8918.0,,,,
2020/07/15,8734.336047235678,8734.336062587186,2.332741132704541e-06,4.69299266114831e-10,5538.288617557934,22.74174332788607,3196.047429677744,8552.0,8918.0,8552.0,8918.0,,,,
2020/07/16,8734.336049260633,8734.336062587594,2.0249553926987574e-06,4.0745362639427185e-10,5560.869683434165,22.58106587623115,3173.466365826468,8551.0,8918.0,8552.0,8918.0,,,,
2020/07/17,8734.336051018454,8734.336062587949,1.7578204278834164e-06,3.54702933691442e-10,5583.291207093178,22.421523659012564,3151.044843925276,8552.0,8918.0,8552.0,8918.0,,,,
2020/07/18,8734.336052544528,8734.336062588256,1.5260739019140601e-06,3.0740920919924974e-10,5605.554315748808,22.263108655630276,3128.7817367957196,8552.0,8918.0,8552.0,8918.0,,,,
2020/07/19,8734.336053869116,8734.336062588523,1.3245880836620927e-06,2.673914423212409e-10,5627.660128649646,22.10581290083792,3106.6759252194697,8552.0,8918.0,8552.0,8918.0,,,,
2020/07/20,8734.336055019285,8734.336062588754,1.1501688277348876e-06,2.3101165425032377e-10,5649.609757138906,21.94962848926025,3084.7262978803783,8551.0,8918.0,8551.0,8918.0,,,,
2020/07/21,8734.336056017743,8734.336062588956,9.98457835521549e-07,2.0190782379359007e-10,5671.404304705575,21.79454756666837,3062.9317513121678,8551.0,8918.0,8552.0,8918.0,,,,
2020/07/22,8734.336056884858,8734.336062589131,8.671158866491169e-07,1.7462298274040222e-10,5693.044867081824,21.640562376249363,3041.2911898030343,8551.0,8918.0,8552.0,8918.0,,,,
2020/07/23,8734.336057637074,8734.336062589282,7.522157829953358e-07,1.509761204943061e-10,5714.532532109536,21.487665027711955,3019.803525527538,8552.0,8918.0,8551.0,8917.0,,,,
2020/07/24,8734.33605829022,8734.336062589415,6.531463441206142e-07,1.3278622645884752e-10,5735.86838015939,21.335848049853666,2998.467678130831,8552.0,8918.0,8552.0,8918.0,,,,
2020/07/25,8734.336058857283,8734.336062589528,5.670626705978066e-07,1.127773430198431e-10,5757.053483840604,21.18510368121406,2977.2825750166794,8552.0,8918.0,8551.0,8918.0,,,,
2020/07/26,8734.336059349374,8734.336062589628,4.920912033412606e-07,1.000444171950221e-10,5778.088908230543,21.03542438993918,2956.2471511188314,8552.0,8918.0,8552.0,8918.0,,,,
2020/07/27,8734.336059776586,8734.336062589715,4.2721148929558694e-07,8.731149137020111e-11,5798.975710854413,20.8868026238697,2935.360348922173,8552.0,8917.0,8551.0,8918.0,,,,
2020/07/28,8734.336060147803,8734.336062589788,3.7121753848623484e-07,7.275957614183426e-11,5819.714941716478,20.739230862065597,2914.621118431325,8551.0,8918.0,8552.0,8918.0,,,,
2020/07/29,8734.33606047048,8734.336062589855,3.226759872632101e-07,6.730260793119669e-11,5840.307643577797,20.592701861318346,2894.028416892683,8552.0,8918.0,8552.0,8918.0,,,,
2020/07/30,8734.336060750788,8734.33606258991,2.8030808607582003e-07,5.4569682106375694e-11,5860.754851694547,20.447208116750517,2873.5812090562404,8551.0,8918.0,8552.0,8918.0,,,,
2020/07/31,8734.336060993688,8734.336062589959,2.429005689918995e-07,4.9112713895738125e-11,5881.057593837349,20.302742142801435,2853.2784671563395,8552.0,8918.0,8552.0,8918.0,,,,
2020/08/01,8734.336061204367,8734.33606259,2.106789906974882e-07,4.18367562815547e-11,5901.216890834638,20.159296997289857,2833.1191703697286,8551.0,8918.0,8552.0,8918.0,,,,
2020/08/02,8734.33606138729,8734.336062590037,1.8292303138878196e-07,3.637978807091713e-11,5921.233756248273,20.01686541363415,2813.1023051390175,8552.0,8918.0,8552.0,8918.0,,,,
2020/08/03,8734.336061545757,8734.33606259007,1.5846671885810792e-07,3.2741809263825417e-11,5941.109196218978,19.875439970704974,2793.2268653267793,8552.0,8918.0,8552.0,8918.0,,,,
2020/08/04,8734.336061683069,8734.336062590097,1.3731187209486961e-07,2.7284841053187847e-11,5960.844210007513,19.73501378853507,2773.491851675556,8552.0,8918.0,8551.0,8918.0,,,,
2020/08/05,8734.336061802387,8734.336062590122,1.19318428914994e-07,2.546585164964199e-11,5980.4397899172045,19.595579909691878,2753.8962718851826,8552.0,8918.0,8552.0,8919.0,,,,
2020/08/06,8734.336061906022,8734.336062590144,1.0363510227762163e-07,2.1827872842550278e-11,5999.896920939136,19.457131021931673,2734.439140966886,8552.0,8918.0,8552.0,8918.0,,,,
2020/08/07,8734.336061996022,8734.336062590162,8.999995770864189e-08,1.8189894035458565e-11,6019.216581207989,19.319660268853113,2715.119480788033,8552.0,8918.0,8552.0,8918.0,,,,
2020/08/08,8734.336062074344,8734.336062590177,7.832204573787749e-08,1.4551915228366852e-11,6038.399742205433,19.183160997443338,2695.9363198689116,8552.0,8918.0,8551.0,8918.0,,,,
2020/08/09,8734.336062142389,8734.336062590191,6.80447556078434e-08,1.4551915228366852e-11,6057.447368219824,19.047626014391426,2676.888693922565,8552.0,8918.0,8552.0,8918.0,,,,
2020/08/10,8734.336062201352,8734.336062590202,5.896254151593894e-08,1.0913936421275139e-11,6076.360416730442,18.913048510617955,2657.9756454709095,8551.0,8918.0,8552.0,8918.0,,,,
2020/08/11,8734.33606225261,8734.336062590213,5.1259121391922235e-08,1.0913936421275139e-11,6095.139838800311,18.779422069868815,2639.1962234523,8551.0,8918.0,8552.0,8918.0,,,,
2020/08/12,8734.33606229712,8734.336062590222,4.450885171536356e-08,9.094947017729282e-12,6113.786578460304,18.646739659992818,2620.549483836816,8552.0,8918.0,8551.0,8918.0,,,,
2020/08/13,8734.336062335648,8734.33606259023,3.8528014556504786e-08,7.275957614183426e-12,6132.301572989503,18.514994529199612,2602.0344893461443,8552.0,8918.0,8552.0,8918.0,,,,
2020/08/14,8734.336062369108,8734.336062590235,3.346031007822603e-08,5.4569682106375694e-12,6150.685753426089,18.384180436585666,2583.650308943019,8552.0,8918.0,8552.0,8918.0,,,,
2020/08/15,8734.33606239819,8734.33606259024,2.9082002583891153e-08,5.4569682106375694e-12,6168.94004398426,18.254290558171306,2565.3960184139296,8551.0,8918.0,8552.0,8918.0,,,,
2020/08/16,8734.336062423436,8734.336062590246,2.5245753931812942e-08,5.4569682106375694e-12,6187.065362196617,18.125318212356433,2547.270700226819,8552.0,8918.0,8552.0,8918.0,,,,
2020/08/17,8734.336062445389,8734.336062590251,2.1953383111394942e-08,5.4569682106375694e-12,6205.062619462381,17.997257265764347,2529.273442983008,8552.0,8918.0,8552.0,8918.0,,,,
2020/08/18,8734.336062464487,8734.336062590257,1.9097569747827947e-08,5.4569682106375694e-12,6222.932720602732,17.870101140350926,2511.4033418617546,8551.0,8918.0,8552.0,8918.0,,,,
2020/08/19,8734.336062481054,8734.336062590259,1.656735548749566e-08,1.8189894035458565e-12,6240.676563840078,17.743843237346482,2493.6594986409755,8552.0,8918.0,8552.0,8918.0,,,,
2020/08/20,8734.336062495438,8734.33606259026,1.4384568203240633e-08,1.8189894035458565e-12,6258.295041322736,17.61847748265791,2476.041021172702,8552.0,8918.0,8551.0,8918.0,,,,
2020/08/21,8734.336062507946,8734.336062590264,1.2507371138781309e-08,3.637978807091713e-12,6275.789038892033,17.49399756929688,2458.5470236159126,8551.0,8918.0,8552.0,8918.0,,,,
2020/08/22,8734.336062518789,8734.336062590266,1.084299583453685e-08,1.8189894035458565e-12,6293.159435884182,17.370396992148926,2441.1766266346067,8551.0,8918.0,8552.0,8918.0,,,,
2020/08/23,8734.336062528182,8734.336062590266,9.393261279910803e-09,0.0,6310.407105582259,17.247669698076606,2423.9289569459233,8552.0,8918.0,8552.0,8918.0,,,,
2020/08/24,8734.33606253635,8734.33606259027,8.167262421920896e-09,3.637978807091713e-12,6327.532915249603,17.125809667344583,2406.803147286746,8552.0,8918.0,8552.0,8918.0,,,,
2020/08/25,8734.336062543442,8734.336062590271,7.092239684425294e-09,1.8189894035458565e-12,6344.537725741145,17.00481049154132,2389.798336802297,8552.0,8918.0,8552.0,8918.0,,,,
2020/08/26,8734.336062549597,8734.336062590271,6.155460141599178e-09,0.0,6361.422391877413,16.884666136268606,2372.913670672184,8551.0,8918.0,8552.0,8918.0,,,,
2020/08/27,8734.336062554954,8734.336062590273,5.356923793442547e-09,1.8189894035458565e-12,6378.18776271565,16.765370838236777,2356.148299839304,8552.0,8918.0,8551.0,8918.0,,,,
2020/08/28,8734.33606255961,8734.336062590275,4.6566128730773926e-09,1.8189894035458565e-12,6394.834681022979,16.646918307328633,2339.501381536632,8551.0,8918.0,8551.0,8918.0,,,,
2020/08/29,8734.336062563647,8734.336062590275,4.0363374864682555e-09,0.0,6411.363983575171,16.52930255219235,2322.972078988476,8551.0,8918.0,8552.0,8918.0,,,,
2020/08/30,8734.336062567156,8734.336062590275,3.508830559439957e-09,0.0,6427.77650156704,16.41251799186921,2306.5595610001155,8551.0,8918.0,8552.0,8918.0,,,,
2020/08/31,8734.336062570206,8734.336062590277,3.0504452297464013e-09,1.8189894035458565e-12,6444.07306006935,16.29655850230938,2290.2630025008566,8552.0,8918.0,8552.0,8918.0,,,,
2020/09/01,8734.336062572846,8734.336062590275,2.6393536245450377e-09,-1.8189894035458565e-12,6460.25447821774,16.18141814839055,2274.0815843551054,8552.0,8918.0,8552.0,8918.0,,,,
2020/09/02,8734.33606257514,8734.336062590277,2.293745637871325e-09,1.8189894035458565e-12,6476.321569688246,16.067091470506057,2258.014492886893,8552.0,8918.0,8551.0,8918.0,,,,
2020/09/03,8734.336062577131,8734.336062590277,1.991793396882713e-09,0.0,6492.2751422356405,15.953572547394288,2242.0609203414906,8552.0,8918.0,8552.0,8918.0,,,,
2020/09/04,8734.33606257886,8734.336062590277,1.7280399333685637e-09,0.0,6508.115997747489,15.840855511848531,2226.22006483137,8551.0,8918.0,8552.0,8918.0,,,,
2020/09/05,8734.336062580362,8734.336062590279,1.5024852473288774e-09,1.8189894035458565e-12,6523.844932724036,15.728934976546952,2210.4911298563256,8552.0,8918.0,8552.0,8918.0,,,,
2020/09/06,8734.336062581668,8734.336062590279,1.306034391745925e-09,0.0,6539.462737973888,15.617805249851699,2194.87332460778,8552.0,8918.0,8551.0,8918.0,,,,
2020/09/07,8734.3360625828,8734.336062590279,1.1332303984090686e-09,0.0,6554.970198424055,15.507460450166946,2179.3658641587463,8551.0,8918.0,8552.0,8918.0,,,,
2020/09/08,8734.336062583787,8734.336062590279,9.858922567218542e-10,0.0,6570.368094005461,15.397895581406374,2163.967968578326,8551.0,8918.0,8552.0,8918.0,,,,
2020/09/09,8734.336062584644,8734.33606259028,8.567440090700984e-10,1.8189894035458565e-12,6585.657198701101,15.289104695640162,2148.6788638835424,8552.0,8918.0,8552.0,8918.0,,,,
2020/09/10,8734.336062585386,8734.336062590279,7.421476766467094e-10,-1.8189894035458565e-12,6600.8382810851,15.181082383998728,2133.497781500286,8551.0,8918.0,8551.0,8918.0,,,,
2020/09/11,8734.33606258603,8734.336062590279,6.439222488552332e-10,0.0,6615.912104685653,15.073823600552714,2118.423957900377,8552.0,8918.0,8552.0,8918.0,,,,
2020/09/12,8734.336062586592,8734.33606259028,5.620677256956697e-10,1.8189894035458565e-12,6630.879427978668,14.967323293015397,2103.4566346079237,8551.0,8918.0,8552.0,8918.0,,,,
2020/09/13,8734.336062587076,8734.336062590279,4.838511813431978e-10,-1.8189894035458565e-12,6645.741003384999,14.861575406331212,2088.5950592020763,8552.0,8918.0,8552.0,8919.0,,,,
2020/09/14,8734.33606258749,8734.336062590279,4.147295840084553e-10,0.0,6660.497577911702,14.756574526702934,2073.838484675788,8552.0,8918.0,8552.0,8918.0,,,,
2020/09/15,8734.33606258784,8734.33606259028,3.4924596548080444e-10,1.8189894035458565e-12,6675.149893201425,14.652315289722537,2059.186169386415,8552.0,8918.0,8552.0,8918.0,,,,
2020/09/16,8734.336062588125,8734.336062590279,2.8558133635669947e-10,-1.8189894035458565e-12,6689.698685577793,14.54879237636851,2044.6373770103319,8552.0,8918.0,8552.0,8918.0,,,,
2020/09/17,8734.336062588354,8734.33606259028,2.2919266484677792e-10,1.8189894035458565e-12,6704.144686090795,14.446000513002218,2030.1913764975588,8552.0,8918.0,8552.0,8918.0,,,,
2020/09/18,8734.336062588529,8734.33606259028,1.7462298274040222e-10,0.0,6718.488620562164,14.343934471368812,2015.8474420263647,8551.0,8918.0,8552.0,8918.0,,,,
2020/09/19,8734.336062588656,8734.33606259028,1.2732925824820995e-10,0.0,6732.731209630761,14.242589068597226,2001.6048529578948,8551.0,8917.0,8552.0,8917.0,,,,
2020/09/20,8734.336062588744,8734.336062590282,8.731149137020111e-11,1.8189894035458565e-12,6746.873168845429,14.141959214667622,1987.4628937433145,8551.0,8918.0,8551.0,8918.0,,,,
2020/09/21,8734.336062588785,8734.33606259028,4.18367562815547e-11,-1.8189894035458565e-12,6760.915209616197,14.042040770767926,1973.4208529725884,8551.0,8918.0,8552.0,8918.0,,,,
2020/09/22,8734.336062588789,8734.33606259028,3.637978807091713e-12,0.0,6774.858038109309,13.942828493111847,1959.4780244794802,8552.0,8918.0,8552.0,8918.0,,,,
2020/09/23,8734.336062588764,8734.33606259028,-2.546585164964199e-11,0.0,6788.702355288193,13.844317178884012,1945.6337073005707,8552.0,8918.0,8552.0,8918.0,,,,
2020/09/24,8734.336062588722,8734.33606259028,-4.18367562815547e-11,0.0,6802.44885724984,13.746501961647482,1931.8872053388814,8552.0,8918.0,8552.0,8918.0,,,,
2020/09/25,8734.336062588683,8734.33606259028,-3.8198777474462986e-11,0.0,6816.098235275536,13.649378025696024,1918.2378273131471,8552.0,8918.0,8552.0,8918.0,,,,
2020/09/26,8734.336062588674,8734.336062590282,-9.094947017729282e-12,1.8189894035458565e-12,6829.651175881593,13.552940606056836,1904.6848867070812,8552.0,8918.0,8552.0,8918.0,,,,
2020/09/27,8734.33606258872,8734.33606259028,4.547473508864641e-11,-1.8189894035458565e-12,6843.10836087008,13.457184988486915,1891.2277017186398,8552.0,8918.0,8552.0,8918.0,,,,
2020/09/28,8734.336062588862,8734.336062590282,1.418811734765768e-10,1.8189894035458565e-12,6856.470467379555,13.36210650947487,1877.8655952093068,8552.0,8918.0,8552.0,8918.0,,,,
2020/09/29,8734.336062589138,8734.33606259028,2.764863893389702e-10,-1.8189894035458565e-12,6869.738167935797,13.267700556241834,1864.5978946533414,8552.0,8918.0,8552.0,8918.0,,,,
2020/09/30,8734.336062589573,8734.336062590282,4.347384674474597e-10,1.8189894035458565e-12,6882.912129843646,13.173961907848934,1851.4239327459272,8552.0,8918.0,8552.0,8918.0,,,,
2020/10/01,8734.336062590088,8734.336062590282,5.147740012034774e-10,0.0,6895.9930136023095,13.080883758663731,1838.3430489877783,8552.0,8918.0,8552.0,8918.0,,,,
2020/10/02,8734.336062590679,8734.33606259028,5.911715561524034e-10,-1.8189894035458565e-12,6908.981476632439,12.988463030129424,1825.35458595824,8552.0,8918.0,8552.0,8918.0,,,,
2020/10/03,8734.336062591352,8734.33606259028,6.730260793119669e-10,0.0,6921.878171919864,12.896695287425246,1812.4578906714878,8551.0,8918.0,8552.0,8918.0,,,,
2020/10/04,8734.336062592112,8734.33606259028,7.60337570682168e-10,0.0,6934.683747860991,12.805575941127245,1799.652314731121,8552.0,8918.0,8552.0,8918.0,,,,
2020/10/05,8734.336062592962,8734.336062590282,8.49468051455915e-10,1.8189894035458565e-12,6947.398848300059,12.71510043906801,1786.9372142929024,8552.0,8918.0,8552.0,8918.0,,,,
2020/10/06,8734.336062593904,8734.336062590282,9.422365110367537e-10,0.0,6960.024112566405,12.625264266345766,1774.3119500274988,8551.0,8918.0,8551.0,8918.0,,,,
2020/10/07,8734.336062594944,8734.336062590282,1.04046193882823e-09,0.0,6972.560175511721,12.53606294531619,1761.775887083223,8552.0,8918.0,8551.0,8918.0,,,,
2020/10/08,8734.336062596083,8734.336062590282,1.1386873666197062e-09,0.0,6985.007667547321,12.44749203559968,1749.328395048762,8552.0,8918.0,8552.0,8918.0,,,,
2020/10/09,8734.336062597326,8734.336062590282,1.24236976262182e-09,0.0,6997.367214681396,12.359547134075001,1736.9688479159295,8552.0,8918.0,8552.0,8917.0,,,,
